"Symbol","Description","Local Symbol","IPO Date","Category1","Category2","Category3","GICS Sector","ISIN","SEDOL","Market Cap","Currency","Actions"
"CT:SHOP","Shopify Inc","SHOP","05/21/2015","Global Equity","Common stocks","Developed markets ex-US","Information Technology","CA82509L1076","BX865C7","219,886,944,256","CAD","Analyze"
"CT:RY","Royal Bank of Canada","RY","01/02/1997","Global Equity","Common stocks","Developed markets ex-US","Financials","CA7800871021","2754383","184,814,682,112","CAD","Analyze"
"CT:TD","The Toronto-Dominion Bank","TD","01/12/1995","Global Equity","Common stocks","Developed markets ex-US","Financials","CA8911605092","2897222","155,573,600,256","CAD","Analyze"
"CT:BAM-A","Brookfield Asset Management Inc","BAM-A","12/31/1999","Global Equity","Common stocks","Developed markets ex-US","Financials","CA1125851040","2092599","110,726,365,184","CAD","Analyze"
"CT:ENB","Enbridge Inc","ENB","01/12/1995","Global Equity","Common stocks","Developed markets ex-US","Energy","CA29250N1050","2466149","106,554,974,208","CAD","Analyze"
"CT:CNR","Canadian National Railway Company","CNR","11/22/1996","Global Equity","Common stocks","Developed markets ex-US","Industrials","CA1363751027","2180632","104,792,113,152","CAD","Analyze"
"CT:BNS","The Bank of Nova Scotia","BNS","01/12/1995","Global Equity","Common stocks","Developed markets ex-US","Financials","CA0641491075","2076281","95,484,919,808","CAD","Analyze"
"CT:BMO","Bank of Montreal","BMO","01/12/1995","Global Equity","Common stocks","Developed markets ex-US","Financials","CA0636711016","2076009","84,096,802,816","CAD","Analyze"
"CT:TRI","Thomson Reuters Corporation","TRI","10/22/2008","Global Equity","Common stocks","Developed markets ex-US","Industrials","CA8849037095","BFXPTB0","71,814,103,040","CAD","Analyze"
"CT:CM","Canadian Imperial Bank of Commerce","CM","12/31/1999","Global Equity","Common stocks","Developed markets ex-US","Financials","CA1360691010","2170525","65,675,960,320","CAD","Analyze"
"CT:TRP","TransCanada Corporation","TRP","01/12/1995","Global Equity","Common stocks","Developed markets ex-US","Energy","CA89353D1078","2665184","63,507,734,528","CAD","Analyze"
"CT:CP","Canadian Pacific Railway Limited","CP","08/24/2001","Global Equity","Common stocks","Developed markets ex-US","Industrials","CA13645T1003","2793115","59,069,722,624","CAD","Analyze"
"CT:CNQ","Canadian Natural Resources Limited","CNQ","01/12/1995","Global Equity","Common stocks","Developed markets ex-US","Energy","CA1363851017","2171573","59,057,610,752","CAD","Analyze"
"CT:BCE","BCE Inc","BCE","05/06/1996","Global Equity","Common stocks","Developed markets ex-US","Communication Services","CA05534B7604","B188TH2","57,713,942,528","CAD","Analyze"
"CT:NGT","Newmont Goldcorp Corp","NGT","04/22/2019","Global Equity","Common stocks","Developed markets ex-US","Materials","US6516391066","BJYKTV2","56,130,572,288","CAD","Analyze"
"CT:ATD-B","Alimentation Couche-Tard Inc","ATD-B","12/31/1999","Global Equity","Common stocks","Developed markets ex-US","Consumer Staples","CA01626P4033","2011646","50,971,852,800","CAD","Analyze"
"CT:NTR","Nutrien Ltd","NTR","01/02/2018","Global Equity","Common stocks","Developed markets ex-US","Materials","CA67077M1086","BDRJLN0","50,648,649,728","CAD","Analyze"
"CT:MFC","Manulife Financial Corporation","MFC","09/30/1999","Global Equity","Common stocks","Developed markets ex-US","Financials","CA56501R1064","2492519","48,517,885,952","CAD","Analyze"
"CT:CSU","Constellation Software Inc","CSU","05/18/2006","Global Equity","Common stocks","Developed markets ex-US","Information Technology","CA21037X1006","B15C4L6","46,019,887,104","CAD","Analyze"
"CT:SU","Suncor Energy Inc","SU","12/31/1999","Global Equity","Common stocks","Developed markets ex-US","Energy","CA8672241079","B3NB1P2","43,391,934,464","CAD","Analyze"
"CT:ABX","Barrick Gold Corporation","ABX","01/12/1995","Global Equity","Common stocks","Developed markets ex-US","Materials","CA0679011084","2024644","43,128,774,656","CAD","Analyze"
"CT:WCN","Waste Connections, Inc","WCN","05/31/2016","Global Equity","Common stocks","Developed markets ex-US","Industrials","CA94106B1013","BYQFRK5","42,156,527,616","CAD","Analyze"
"CT:SLF","Sun Life Financial Inc","SLF","03/23/2000","Global Equity","Common stocks","Developed markets ex-US","Financials","CA8667961053","2566124","40,374,366,208","CAD","Analyze"
"CT:T","TELUS Corporation","T","12/31/1999","Global Equity","Common stocks","Developed markets ex-US","Communication Services","CA87971M1032","2381093","37,971,898,368","CAD","Analyze"
"CT:GWO","Great-West Lifeco Inc","GWO","02/09/1996","Global Equity","Common stocks","Developed markets ex-US","Financials","CA39138C1068","2384951","36,112,023,552","CAD","Analyze"
"CT:NA","National Bank of Canada","NA","12/31/1999","Global Equity","Common stocks","Developed markets ex-US","Financials","CA6330671034","2077303","34,079,408,128","CAD","Analyze"
"CT:FNV","Franco-Nevada Corporation","FNV","12/03/2007","Global Equity","Common stocks","Developed markets ex-US","Materials","CA3518581051","B29NF31","32,457,443,328","CAD","Analyze"
"CT:MG","Magna International Inc","MG","01/04/2000","Global Equity","Common stocks","Developed markets ex-US","Consumer Discretionary","CA5592224011","2554475","31,386,982,400","CAD","Analyze"
"CT:L","Loblaw Companies Limited","L","12/31/1999","Global Equity","Common stocks","Developed markets ex-US","Consumer Staples","CA5394811015","2521800","31,023,136,768","CAD","Analyze"
"CT:IMO","Imperial Oil Limited","IMO","01/12/1995","Global Equity","Common stocks","Developed markets ex-US","Energy","CA4530384086","2454241","29,867,061,248","CAD","Analyze"
"CT:CVE","Cenovus Energy Inc","CVE","11/02/2009","Global Equity","Common stocks","Developed markets ex-US","Energy","CA15135U1093","B57FG04","29,756,952,576","CAD","Analyze"
"CT:RCI-B","Rogers Communications Inc","RCI-B","12/31/1999","Global Equity","Common stocks","Developed markets ex-US","Communication Services","CA7751092007","2169051","29,659,901,952","CAD","Analyze"
"CT:IFC","Intact Financial Corporation","IFC","05/21/2009","Global Equity","Common stocks","Developed markets ex-US","Financials","CA45823T1066","B04YJV1","29,407,453,184","CAD","Analyze"
"CT:POW","Power Corporation of Canada","POW","12/31/1999","Global Equity","Common stocks","Developed markets ex-US","Financials","CA7392391016","2697701","28,862,494,720","CAD","Analyze"
"CT:GIB-A","CGI Group Inc","GIB-A","12/31/1999","Global Equity","Common stocks","Developed markets ex-US","Information Technology","CA39945C1095","2159740","27,140,976,640","CAD","Analyze"
"CT:FTS","Fortis Inc","FTS","01/13/1995","Global Equity","Common stocks","Developed markets ex-US","Utilities","CA3495531079","2347200","26,731,175,936","CAD","Analyze"
"CT:PWF","Power Financial Corporation","PWF","01/12/1995","Global Equity","Common stocks","Developed markets ex-US","Financials","CA73927C1005","2697864","24,113,362,944","CAD","Analyze"
"CT:QSR","Restaurant Brands International Inc","QSR","12/10/2014","Global Equity","Common stocks","Developed markets ex-US","Consumer Discretionary","CA76131D1033","BTF8CF0","23,506,972,672","CAD","Analyze"
"CT:PPL","Pembina Pipeline Corporation","PPL","10/23/1998","Global Equity","Common stocks","Developed markets ex-US","Energy","CA7063271034","B4PT2P8","23,052,890,112","CAD","Analyze"
"CT:WPM","Wheaton Precious Metals Corp","WPM","12/07/2004","Global Equity","Common stocks","Developed markets ex-US","Materials","CA9628791027","BF13KN5","22,428,000,256","CAD","Analyze"
"CT:WN","George Weston Limited","WN","01/12/1995","Global Equity","Common stocks","Developed markets ex-US","Consumer Staples","CA9611485090","2956662","20,612,757,504","CAD","Analyze"
"CT:WSP","WSP Global Inc","WSP","05/24/2006","Global Equity","Common stocks","Developed markets ex-US","Industrials","CA92938W2022","BHR3R21","19,211,204,608","CAD","Analyze"
"CT:FM","First Quantum Minerals Ltd","FM","01/11/2000","Global Equity","Common stocks","Developed markets ex-US","Materials","CA3359341052","2347608","19,126,519,808","CAD","Analyze"
"CT:TECK-B","Teck Resources Limited","TECK-B","12/31/1999","Global Equity","Common stocks","Developed markets ex-US","Materials","CA8787422044","2879327","18,894,891,008","CAD","Analyze"
"CT:SJR-B","Shaw Communications Inc","SJR-B","12/31/1999","Global Equity","Common stocks","Developed markets ex-US","Communication Services","CA82028K2002","2801836","18,332,526,592","CAD","Analyze"
"CT:H","Hydro One Limited","H","11/17/2015","Global Equity","Common stocks","Developed markets ex-US","Utilities","CA4488112083","BYYXJY9","18,269,548,544","CAD","Analyze"
"CT:AEM","Agnico Eagle Mines Limited","AEM","01/12/1995","Global Equity","Common stocks","Developed markets ex-US","Materials","CA0084741085","2009823","17,305,350,144","CAD","Analyze"
"CT:DOL","Dollarama Inc","DOL","10/09/2009","Global Equity","Common stocks","Developed markets ex-US","Consumer Discretionary","CA25675T1075","B4TP9G2","17,161,236,480","CAD","Analyze"
"CT:LSPD","Lightspeed Pos Inc","LSPD","03/08/2019","Global Equity","Common stocks","Developed markets ex-US","Information Technology","CA53227R1064","BGHVW01","16,954,793,984","CAD","Analyze"
"CT:OTEX","Open Text Corporation","OTEX","06/29/1998","Global Equity","Common stocks","Developed markets ex-US","Information Technology","CA6837151068","2260824","16,785,586,176","CAD","Analyze"
"CT:GFL","GFL Environmental Inc. Subordinate voting shares","GFL","01/01/1900","Global Equity","Common stocks","Developed markets ex-US","Industrials","CA36168Q1046","BKDT649","16,188,545,024","CAD","Analyze"
"CT:FFH","Fairfax Financial Holdings Limited","FFH","12/31/1999","Global Equity","Common stocks","Developed markets ex-US","Financials","CA3039011026","2566351","15,240,102,912","CAD","Analyze"
"CT:MRU","Metro Inc","MRU","01/02/1997","Global Equity","Common stocks","Developed markets ex-US","Consumer Staples","CA59162N1096","2583952","15,119,596,544","CAD","Analyze"
"CT:EMA","Emera Incorporated","EMA","01/12/1995","Global Equity","Common stocks","Developed markets ex-US","Utilities","CA2908761018","2650050","15,061,680,128","CAD","Analyze"
"CT:KL","Kirkland Lake Gold Ltd","KL","12/31/1999","Global Equity","Common stocks","Developed markets ex-US","Materials","CA49741E1007","BD4G349","13,842,288,640","CAD","Analyze"
"CT:BEP-UN","Brookfield Renewable Partners LP","BEP-UN","11/21/2000","Global Equity","Common stocks","Developed markets ex-US","Unknown","BMG162581083","","13,301,790,720","CAD","Analyze"
"CT:SAP","Saputo Inc","SAP","10/15/1997","Global Equity","Common stocks","Developed markets ex-US","Consumer Staples","CA8029121057","2112226","12,921,332,736","CAD","Analyze"
"CT:TOU","Tourmaline Oil Corp","TOU","11/23/2010","Global Equity","Common stocks","Developed markets ex-US","Energy","CA89156V1067","B3QJ0H8","12,884,199,424","CAD","Analyze"
"CT:BHC","Bausch Health Companies Inc","BHC","12/31/1999","Global Equity","Common stocks","Developed markets ex-US","Health Care","CA0717341071","BFFY852","12,626,488,320","CAD","Analyze"
"CT:CCO","CAMECO CORP","CCO","01/12/1995","Global Equity","Common stocks","Developed markets ex-US","Energy","CA13321L1085","2166160","12,612,747,264","CAD","Analyze"
"CT:OVV","Ovintiv Inc","OVV","08/23/2001","Global Equity","Common stocks","Developed markets ex-US","Energy","US69047Q1022","BL3GRC2","12,511,144,960","CAD","Analyze"
"CT:TFII","TFI International Inc","TFII","09/30/2002","Global Equity","Common stocks","Developed markets ex-US","Industrials","CA87241L1094","BDRXBF4","12,451,509,248","CAD","Analyze"
"CT:CAE","CAE Inc","CAE","01/12/1995","Global Equity","Common stocks","Developed markets ex-US","Industrials","CA1247651088","2162760","12,027,149,312","CAD","Analyze"
"CT:CCL-B","CCL Industries Inc","CCL-B","12/31/1999","Global Equity","Common stocks","Developed markets ex-US","Materials","CA1249003098","2159795","11,993,146,368","CAD","Analyze"
"CT:AQN","Algonquin Power & Utilities Corp","AQN","12/23/1997","Global Equity","Common stocks","Developed markets ex-US","Utilities","CA0158571053","B51BMR7","11,561,639,936","CAD","Analyze"
"CT:IVN","Ivanhoe Mines Ltd","IVN","10/17/2012","Global Equity","Common stocks","Developed markets ex-US","Materials","CA46579R1047","BD73C40","11,487,933,440","CAD","Analyze"
"CT:CTC-A","Canadian Tire Corporation, Limited","CTC-A","12/31/1999","Global Equity","Common stocks","Developed markets ex-US","Consumer Discretionary","CA1366812024","2172286","11,133,267,968","CAD","Analyze"
"CT:TSGI","The Stars Group Inc","TSGI","07/21/2010","Global Equity","Common stocks","Developed markets ex-US","Consumer Discretionary","CA85570W1005","BDG1MJ0","10,854,705,152","CAD","Analyze"
"CT:IGM","IGM Financial Inc","IGM","01/12/1995","Global Equity","Common stocks","Developed markets ex-US","Financials","CA4495861060","2469375","10,847,313,920","CAD","Analyze"
"CT:CAR-UN","Canadian Apartment Properties Real","CAR-UN","05/21/1998","Global Equity","REITs","Developed markets ex-US","Real Estate","CA1349211054","2117599","10,456,932,352","CAD","Analyze"
"CT:FSV","FirstService Corporation","FSV","05/27/2015","Global Equity","Common stocks","Developed markets ex-US","Real Estate","CA33767E1034","BYL7ZF7","10,357,353,472","CAD","Analyze"
"CT:EMP-A","Empire Company Limited","EMP-A","12/31/1999","Global Equity","Common stocks","Developed markets ex-US","Consumer Staples","CA2918434077","2314000","10,072,194,048","CAD","Analyze"
"CT:K","Kinross Gold Corporation","K","12/31/1999","Global Equity","Common stocks","Developed markets ex-US","Materials","CA4969024047","B03Z841","9,615,906,816","CAD","Analyze"
"CT:DOO","BRP Inc","DOO","05/22/2013","Global Equity","Common stocks","Developed markets ex-US","Consumer Discretionary","CA05577W2004","B9B3FG1","9,482,445,824","CAD","Analyze"
"CT:CU","Canadian Utilities Limited","CU","01/03/1997","Global Equity","Common stocks","Developed markets ex-US","Utilities","CA1367178326","2172639","9,418,958,848","CAD","Analyze"
"CT:NPI","Northland Power Inc","NPI","04/15/1998","Global Equity","Common stocks","Developed markets ex-US","Utilities","CA6665111002","B68XHC3","9,282,465,792","CAD","Analyze"
"CT:TIH","Toromont Industries Ltd","TIH","08/13/1996","Global Equity","Common stocks","Developed markets ex-US","Industrials","CA8911021050","2897103","9,103,437,824","CAD","Analyze"
"CT:RBA","Ritchie Bros. Auctioneers Incorporated","RBA","04/30/2004","Global Equity","Common stocks","Developed markets ex-US","Industrials","CA7677441056","2345390","9,008,481,280","CAD","Analyze"
"CT:GIL","Gildan Activewear Inc","GIL","06/29/1998","Global Equity","Common stocks","Developed markets ex-US","Consumer Discretionary","CA3759161035","2254645","9,003,063,296","CAD","Analyze"
"CT:DSG","The Descartes Systems Group Inc","DSG","01/21/1998","Global Equity","Common stocks","Developed markets ex-US","Information Technology","CA2499061083","2141941","8,806,139,904","CAD","Analyze"
"CT:ARX","ARC Resources Ltd","ARX","01/02/1997","Global Equity","Common stocks","Developed markets ex-US","Energy","CA00208D4084","B6463M8","8,800,917,504","CAD","Analyze"
"CT:IPL","Inter Pipeline Ltd","IPL","11/15/2002","Global Equity","Common stocks","Developed markets ex-US","Energy","CA45833V1094","BDD54N3","8,566,831,616","CAD","Analyze"
"CT:AC","Air Canada","AC","11/17/2006","Global Equity","Common stocks","Developed markets ex-US","Industrials","CA0089118776","BSDHYK1","8,249,253,376","CAD","Analyze"
"CT:ONEX","Onex Corporation","ONEX","01/12/1995","Global Equity","Common stocks","Developed markets ex-US","Financials","CA68272K1030","2659518","8,104,563,712","CAD","Analyze"
"CT:IAG","iA Financial Corporation Inc","IAG","02/10/2000","Global Equity","Common stocks","Developed markets ex-US","Financials","CA4558711038","2543688","7,811,485,696","CAD","Analyze"
"CT:X","TMX Group Limited","X","10/01/2003","Global Equity","Common stocks","Developed markets ex-US","Financials","CA87262K1057","B8KH5G7","7,583,195,136","CAD","Analyze"
"CT:EDV","Endeavour Mining Corporation","EDV","02/22/2018","Global Equity","Common stocks","Developed markets ex-US","Materials","KYG3040R1589","BDGN4L2","7,567,575,040","CAD","Analyze"
"CT:CIGI","Colliers International Group Inc","CIGI","12/15/1999","Global Equity","Common stocks","Developed markets ex-US","Real Estate","CA1946931070","BYL7SB4","7,567,447,552","CAD","Analyze"
"CT:LUN","Lundin Mining Corporation","LUN","08/08/1996","Global Equity","Common stocks","Developed markets ex-US","Materials","CA5503721063","2866857","7,560,692,736","CAD","Analyze"
"CT:QBR-B","Quebecor Inc","QBR-B","12/31/1999","Global Equity","Common stocks","Developed markets ex-US","Communication Services","CA7481932084","2715777","7,398,966,272","CAD","Analyze"
"CT:ALA","AltaGas Ltd","ALA","05/05/2004","Global Equity","Common stocks","Developed markets ex-US","Utilities","CA0213611001","B43WJC5","7,230,335,488","CAD","Analyze"
"CT:REI-UN","Riocan Real Estate Investment Trus","REI-UN","12/31/1999","Global Equity","REITs","Developed markets ex-US","Real Estate","CA7669101031","2229610","7,127,469,056","CAD","Analyze"
"CT:KEY","Keyera Corp","KEY","05/30/2003","Global Equity","Common stocks","Developed markets ex-US","Energy","CA4932711001","B3SGMV5","7,050,633,728","CAD","Analyze"
"CT:WEED","Canopy Growth Corporation","WEED","08/08/1996","Global Equity","Common stocks","Developed markets ex-US","Health Care","CA1380351009","BYTN3W0","6,963,200,000","CAD","Analyze"
"CT:BB","BlackBerry Limited","BB","02/22/2018","Global Equity","Common stocks","Developed markets ex-US","Information Technology","CA09228F1036","BCBHZ31","6,917,534,208","CAD","Analyze"
"CT:STN","Stantec Inc","STN","08/13/1996","Global Equity","Common stocks","Developed markets ex-US","Industrials","CA85472N1096","2854238","6,812,438,016","CAD","Analyze"
"CT:HSE","Husky Energy Inc","HSE","01/12/1995","Global Equity","Common stocks","Developed markets ex-US","Energy","CA4480551031","2623836","6,794,611,200","CAD","Analyze"
"CT:PAAS","Pan American Silver Corp","PAAS","04/16/1996","Global Equity","Common stocks","Emerging markets","Materials","CA6979001089","2669272","6,559,226,368","CAD","Analyze"
"CT:APHA","APHRIA INC","APHA","12/28/2011","Global Equity","Common stocks","Developed markets ex-US","Health Care","CA03765K1049","BTC2NF2","6,263,926,272","CAD","Analyze"
"CT:GRT-UN","Granite Real Estate Investment Trust Stapled Unit","GRT-UN","06/05/2006","Global Equity","REITs","Developed markets ex-US","Real Estate","CA3874371147","B9GS088","6,238,056,960","CAD","Analyze"
"CT:BLDP","Ballard Power Systems Inc","BLDP","03/21/1996","Global Equity","Common stocks","Developed markets ex-US","Industrials","CA0585861085","2072717","5,967,000,576","CAD","Analyze"
"CT:PBH","Premium Brands Holdings Corporation","PBH","02/22/2018","Global Equity","Common stocks","Developed markets ex-US","Consumer Staples","CA74061A1084","B1VJFK7","5,874,675,200","CAD","Analyze"
"CT:SNC","SNC-Lavalin Group Inc","SNC","05/08/1997","Global Equity","Common stocks","Developed markets ex-US","Industrials","CA78460T1057","2763884","5,837,170,688","CAD","Analyze"
"CT:PKI","Parkland Fuel Corporation","PKI","04/25/1996","Global Equity","Common stocks","Developed markets ex-US","Energy","CA70137T1057","B3SQRQ5","5,731,575,808","CAD","Analyze"
"CT:EFN","Element Fleet Management Corp","EFN","12/16/2011","Global Equity","Common stocks","Developed markets ex-US","Financials","CA2861812014","B7FNMQ2","5,651,040,768","CAD","Analyze"
"CT:WFT","West Fraser Timber Co. Ltd","WFT","01/12/1995","Global Equity","Common stocks","Developed markets ex-US","Materials","CA9528451052","2951098","5,627,524,608","CAD","Analyze"
"CT:BYD","Boyd Group Income Inc","BYD","11/16/1999","Global Equity","Common stocks","Developed markets ex-US","Industrials","CA1033101082","BKPNC96","5,465,318,912","CAD","Analyze"
"CT:FTT","Finning International Inc","FTT","01/12/1995","Global Equity","Common stocks","Developed markets ex-US","Industrials","CA3180714048","2339177","5,430,135,296","CAD","Analyze"
"CT:AP-UN","Allied Properties Real Estate Inve","AP-UN","02/20/2003","Global Equity","REITs","Developed markets ex-US","Real Estate","CA0194561027","2387701","5,267,250,176","CAD","Analyze"
"CT:SRU-UN","Smart Real Estate Investment Trust","SRU-UN","03/27/2000","Global Equity","REITs","Developed markets ex-US","Real Estate","CA83179X1087","BZ22BK5","5,250,053,120","CAD","Analyze"
"CT:YRI","Yamana Gold Inc","YRI","04/16/1996","Global Equity","Common stocks","Developed markets ex-US","Materials","CA98462Y1007","2219279","5,247,736,320","CAD","Analyze"
"CT:CIX","CI Financial Corp","CIX","04/03/1996","Global Equity","Common stocks","Developed markets ex-US","Financials","CA1254911003","B3KT0S5","5,246,581,760","CAD","Analyze"
"CT:BTO","B2Gold Corp","BTO","12/06/2007","Global Equity","Common stocks","Developed markets ex-US","Materials","CA11777Q2099","B29VFC4","5,208,291,328","CAD","Analyze"
"CT:KXS","Kinaxis Inc","KXS","06/10/2014","Global Equity","Common stocks","Developed markets ex-US","Information Technology","CA49448Q1090","BN85P68","5,202,794,496","CAD","Analyze"
"CT:ATZ","Aritzia Inc","ATZ","10/03/2016","Global Equity","Common stocks","Developed markets ex-US","Consumer Discretionary","CA04045U1021","BDCG2C2","5,184,768,000","CAD","Analyze"
"CT:GOOS","Canada Goose Holdings Inc","GOOS","03/16/2017","Global Equity","Common stocks","Developed markets ex-US","Consumer Discretionary","CA1350861060","BF0B2F6","5,172,426,240","CAD","Analyze"
"CT:CCA","Cogeco Communications Inc","CCA","10/12/2004","Global Equity","Common stocks","Developed markets ex-US","Consumer Discretionary","CA19239C1068","BZCDFX9","5,171,503,616","CAD","Analyze"
"CT:RNW","TransAlta Renewables Inc","RNW","08/09/2013","Global Equity","Common stocks","Developed markets ex-US","Utilities","CA8934631091","BCZLSL8","5,137,824,768","CAD","Analyze"
"CT:BBD-B","Bombardier Inc","BBD-B","12/31/1999","Global Equity","Common stocks","Developed markets ex-US","Industrials","CA0977512007","2109723","5,063,129,600","CAD","Analyze"
"CT:BBD-A","Bombardier Inc","BBD-A","01/01/1900","Global Equity","Common stocks","Developed markets ex-US","Unknown","","","5,063,123,968","CAD","Analyze"
"CT:CPX","Capital Power Corporation","CPX","06/26/2009","Global Equity","Common stocks","Developed markets ex-US","Utilities","CA14042M1023","B61KF83","4,986,100,736","CAD","Analyze"
"CT:WCP","Whitecap Resources Inc","WCP","11/28/2003","Global Equity","Common stocks","Developed markets ex-US","Energy","CA96467A2002","B418WK4","4,914,701,312","CAD","Analyze"
"CT:CHP-UN","CHOICE PROPERTIES REAL ESTATE INVE","CHP-UN","07/05/2013","Global Equity","Common stocks","Developed markets ex-US","Real Estate","CA17039A1066","BBX46Q3","4,884,240,896","CAD","Analyze"
"CT:MX","Methanex Corporation","MX","12/31/1999","Global Equity","Common stocks","Developed markets ex-US","Materials","CA59151K1084","2654416","4,732,597,248","CAD","Analyze"
"CT:HR-UN","Handr Real Estate Investment Trust","HR-UN","12/31/1999","Global Equity","REITs","Developed markets ex-US","Real Estate","CA4039254079","B3DJHT2","4,717,242,368","CAD","Analyze"
"CT:TCN","Tricon Capital Group Inc","TCN","05/20/2010","Global Equity","Common stocks","Developed markets ex-US","Real Estate","CA89612W1023","B4NP281","4,657,561,088","CAD","Analyze"
"CT:OSB","Norbord Inc","OSB","01/12/1995","Global Equity","Common stocks","Developed markets ex-US","Materials","CA65548P4033","2641441","4,598,071,808","CAD","Analyze"
"CT:FCR","First Capital Realty Inc","FCR","09/20/2001","Global Equity","Common stocks","Developed markets ex-US","Real Estate","CA31943B1004","2185596","4,570,426,368","CAD","Analyze"
"CT:LNR","Linamar Corporation","LNR","01/12/1995","Global Equity","Common stocks","Developed markets ex-US","Consumer Discretionary","CA53278L1076","2516022","4,559,623,168","CAD","Analyze"
"CT:TOY","Spin Master Corp","TOY","07/30/2015","Global Equity","Common stocks","Developed markets ex-US","Consumer Discretionary","CA8485101031","BZ03B55","4,472,556,032","CAD","Analyze"
"CT:SSRM","SSR Mining Inc","SSRM","04/16/1996","Global Equity","Common stocks","Developed markets ex-US","Materials","CA7847301032","BF7MPL9","4,377,456,640","CAD","Analyze"
"CT:INE","Innergex Renewable Energy Inc","INE","12/06/2007","Global Equity","Common stocks","Developed markets ex-US","Utilities","CA45790B1040","B29TNV3","4,162,400,768","CAD","Analyze"
"CT:DGC","Detour Gold Corporation","DGC","01/31/2007","Global Equity","Common stocks","Developed markets ex-US","Materials","CA2506691088","B1PMQ65","4,110,991,360","CAD","Analyze"
"CT:CRT-UN","CT REIT UNITS TRUST","CRT-UN","10/23/2013","Global Equity","Common stocks","Developed markets ex-US","Real Estate","CA1264621006","BFSRSC5","4,057,837,312","CAD","Analyze"
"CT:FR","First Majestic Silver Corp","FR","08/08/1996","Global Equity","Common stocks","Developed markets ex-US","Materials","CA32076V1031","2833583","4,003,668,224","CAD","Analyze"
"CT:BLX","Boralex Inc","BLX","08/07/1996","Global Equity","Common stocks","Developed markets ex-US","Utilities","CA09950M3003","2099084","3,983,669,504","CAD","Analyze"
"CT:AGI","Alamos Gold Inc","AGI","06/21/2004","Global Equity","Common stocks","Developed markets ex-US","Materials","CA0115321089","BZ3DNP6","3,945,157,632","CAD","Analyze"
"CT:SMU-UN","SUMMIT INDUSTRIAL INCOME REIT UNIT","SMU-UN","02/04/2013","Global Equity","Common stocks","Developed markets ex-US","Real Estate","CA8661201167","B928VJ0","3,944,987,136","CAD","Analyze"
"CT:TRQ","Turquoise Hill Resources Ltd","TRQ","08/13/1996","Global Equity","Common stocks","Developed markets ex-US","Materials","CA9004351081","B7WJ1F5","3,841,499,904","CAD","Analyze"
"CT:ATA","ATS Automation Tooling Systems Inc","ATA","03/20/1996","Global Equity","Common stocks","Developed markets ex-US","Industrials","CA0019401052","2002587","3,841,276,928","CAD","Analyze"
"CT:TA","TransAlta Corporation","TA","12/31/1999","Global Equity","Common stocks","Developed markets ex-US","Utilities","CA89346D1078","2901628","3,761,479,936","CAD","Analyze"
"CT:MIC","Genworth MI Canada Inc","MIC","07/07/2009","Global Equity","Common stocks","Developed markets ex-US","Financials","CA37252B1022","B3NWJQ2","3,754,845,696","CAD","Analyze"
"CT:CFP","CANFOR CORP","CFP","01/12/1995","Global Equity","Common stocks","Developed markets ex-US","Materials","CA1375761048","B18P4F6","3,711,046,400","CAD","Analyze"
"CT:LAC","Lithium Americas Corp","LAC","07/16/2008","Global Equity","Common stocks","Developed markets ex-US","Materials","CA53680Q2071","BF4X225","3,675,670,528","CAD","Analyze"
"CT:CPG","Crescent Point Energy Corp","CPG","09/10/2003","Global Equity","Common stocks","Developed markets ex-US","Energy","CA22576C1014","B67C8W8","3,660,698,368","CAD","Analyze"
"CT:WJA","WestJet Airlines Ltd","WJA","07/13/1999","Global Equity","Common stocks","Developed markets ex-US","Industrials","CA9604105044","BYN2G91","3,587,278,336","CAD","Analyze"
"CT:DIR-UN","DREAM INDUSTRIAL REAL ESTATE INVES","DIR-UN","10/04/2012","Global Equity","Common stocks","Developed markets ex-US","Real Estate","CA26153W1095","BMH4P92","3,578,638,848","CAD","Analyze"
"CT:NXE","NexGen Energy Ltd","NXE","10/09/2012","Global Equity","Common stocks","Developed markets ex-US","Energy","CA65340P1062","B987K72","3,513,736,192","CAD","Analyze"
"CT:GEI","Gibson Energy Inc","GEI","06/08/2011","Global Equity","Common stocks","Developed markets ex-US","Energy","CA3748252069","B44WH97","3,475,596,544","CAD","Analyze"
"CT:UFS","Domtar Corporation","UFS","01/01/1900","Global Equity","Common stocks","Developed markets ex-US","Materials","US2575592033","B1TLJF8","3,450,632,192","CAD","Analyze"
"CT:CWB","Canadian Western Bank","CWB","11/29/1995","Global Equity","Common stocks","Developed markets ex-US","Financials","CA13677F1018","2188283","3,400,639,744","CAD","Analyze"
"CT:PSK","PrairieSky Royalty Ltd","PSK","05/29/2014","Global Equity","Common stocks","Developed markets ex-US","Energy","CA7397211086","BN320L4","3,396,743,936","CAD","Analyze"
"CT:CJT","Cargojet Inc","CJT","06/09/2005","Global Equity","Common stocks","Developed markets ex-US","Industrials","CA14179V5036","B3NHQF5","3,335,274,240","CAD","Analyze"
"CT:MFI","Maple Leaf Foods Inc","MFI","05/08/1996","Global Equity","Common stocks","Developed markets ex-US","Consumer Staples","CA5649051078","2555865","3,334,709,504","CAD","Analyze"
"CT:ELF","E-L Financial Corporation Limited","ELF","01/16/1995","Global Equity","Common stocks","Developed markets ex-US","Financials","CA2685751075","2306386","3,322,798,080","CAD","Analyze"
"CT:BIPC","Brookfield Infrastructure Corp Cla","BIPC","03/31/2020","Global Equity","Common stocks","Developed markets ex-US","Utilities","CA11275Q1072","BLB7675","3,321,397,248","CAD","Analyze"
"CT:MEG","MEG Energy Corp","MEG","07/29/2010","Global Equity","Common stocks","Developed markets ex-US","Energy","CA5527041084","B4XF9J1","3,264,992,000","CAD","Analyze"
"CT:STLC","Stelco Holdings Inc","STLC","11/03/2017","Global Equity","Common stocks","Developed markets ex-US","Materials","CA8585221051","BZ1C8Z0","3,256,894,464","CAD","Analyze"
"CT:PRMW","Primo Water Corp","PRMW","12/11/1986","Global Equity","Common stocks","Developed markets ex-US","Consumer Staples","CA74167P1080","BLKVVX9","3,194,610,176","CAD","Analyze"
"CT:NG","NovaGold Resources Inc","NG","12/31/1999","Global Equity","Common stocks","Developed markets ex-US","Materials","CA66987E2069","2135450","3,157,574,912","CAD","Analyze"
"CT:PXT","Parex Resources Inc","PXT","11/12/2009","Global Equity","Common stocks","Developed markets ex-US","Energy","CA69946Q1046","B575D14","3,133,653,760","CAD","Analyze"
"CT:ENGH","Enghouse Systems Limited","ENGH","12/31/1999","Global Equity","Common stocks","Developed markets ex-US","Information Technology","CA2929491041","2282237","3,110,611,712","CAD","Analyze"
"CT:GSY","goeasy Ltd","GSY","12/03/2018","Global Equity","Common stocks","Developed markets ex-US","Financials","CA3803551074","BYR11M2","3,027,987,200","CAD","Analyze"
"CT:EQX","Equinox Gold Corp.","EQX","01/01/1900","Global Equity","Common stocks","Developed markets ex-US","Materials","CA29446Y5020","BKLNP13","3,019,512,320","CAD","Analyze"
"CT:CRR-UN","Crombie Real Estate Investment Tru","CRR-UN","03/23/2006","Global Equity","REITs","Developed markets ex-US","Real Estate","CA2271071094","B11YBV5","3,004,592,128","CAD","Analyze"
"CT:CG","Centerra Gold Inc","CG","06/30/2004","Global Equity","Common stocks","","Materials","CA1520061021","B01NXQ4","2,871,298,304","CAD","Analyze"
"CT:NWH-UN","NORTHWEST HEALTHCARE PROPERTIES UN","NWH-UN","03/30/2010","Global Equity","Common stocks","Developed markets ex-US","Real Estate","CA6674951059","B4Y8WM3","2,869,375,744","CAD","Analyze"
"CT:AIF","Altus Group Limited","AIF","05/19/2005","Global Equity","Common stocks","Developed markets ex-US","Real Estate","CA02215R1073","B67M8D9","2,859,801,600","CAD","Analyze"
"CT:VII","Seven Generations Energy Ltd","VII","10/30/2014","Global Equity","Common stocks","Developed markets ex-US","Energy","CA81783Q1054","BRK0MM4","2,833,900,032","CAD","Analyze"
"CT:ERF","Enerplus Corporation","ERF","06/28/2001","Global Equity","Common stocks","Developed markets ex-US","Energy","CA2927661025","B584T89","2,798,574,848","CAD","Analyze"
"CT:ASR","Alacer Gold Corp","ASR","01/23/2002","Global Equity","Common stocks","Developed markets ex-US","Materials","CA0106791084","B40B271","2,765,694,720","CAD","Analyze"
"CT:CSH-UN","CHARTWELL RETIREMENT RESIDENCES RE","CSH-UN","11/14/2003","Global Equity","Common stocks","Developed markets ex-US","Health Care","CA16141A1030","B8S8C94","2,724,989,184","CAD","Analyze"
"CT:SJ","Stella-Jones Inc","SJ","12/31/1999","Global Equity","Common stocks","Developed markets ex-US","Materials","CA85853F1053","2809777","2,712,933,632","CAD","Analyze"
"CT:MAXR","Maxar Technologies Inc","MAXR","07/11/2000","Global Equity","Common stocks","Developed markets ex-US","Industrials","US57778K1051","BF2KYG6","2,699,395,584","CAD","Analyze"
"CT:FN","First National Financial Corporation","FN","06/15/2006","Global Equity","Common stocks","Developed markets ex-US","Financials","CA33564P1036","B3NDMC2","2,692,536,320","CAD","Analyze"
"CT:EQB","Equitable Group Inc","EQB","03/18/2004","Global Equity","Common stocks","Developed markets ex-US","Financials","CA2945051027","B00GQP4","2,658,945,280","CAD","Analyze"
"CT:BCB","Cott Corporation","BCB","01/12/1995","Global Equity","Common stocks","Developed markets ex-US","Consumer Staples","CA22163N1069","2228952","2,642,227,200","CAD","Analyze"
"CT:ECN","ECN Capital Corp","ECN","09/28/2016","Global Equity","Common stocks","Developed markets ex-US","Financials","CA26829L1076","BYVZ982","2,640,400,384","CAD","Analyze"
"CT:WPK","Winpak Ltd","WPK","01/02/2001","Global Equity","Common stocks","Developed markets ex-US","Materials","CA97535P1045","2972851","2,594,799,872","CAD","Analyze"
"CT:GC","Great Canadian Gaming Corporation","GC","12/31/1999","Global Equity","Common stocks","Developed markets ex-US","Consumer Discretionary","CA3899141020","2380573","2,591,306,496","CAD","Analyze"
"CT:PVG","Pretium Resources Inc","PVG","12/21/2010","Global Equity","Common stocks","Developed markets ex-US","Materials","CA74139C1023","B57Q8S9","2,576,081,664","CAD","Analyze"
"CT:BEI-UN","Boardwalk Real Estate Investment T","BEI-UN","12/31/1999","Global Equity","REITs","Developed markets ex-US","Real Estate","CA0966311064","B011205","2,566,723,584","CAD","Analyze"
"CT:OR","Osisko Gold Royalties Ltd","OR","12/04/2014","Global Equity","Common stocks","Developed markets ex-US","Materials","CA68827L1013","BN60CQ4","2,564,396,032","CAD","Analyze"
"CT:LUG","Lundin Gold Inc","LUG","12/31/1999","Global Equity","Common stocks","Developed markets ex-US","Materials","CA5503711080","BTKSSY6","2,563,660,032","CAD","Analyze"
"CT:POU","Paramount Resources Ltd","POU","01/12/1995","Global Equity","Common stocks","Developed markets ex-US","Energy","CA6993202069","B073FP1","2,562,295,040","CAD","Analyze"
"CT:CRON","Cronos Group Inc.","CRON","01/01/1900","Global Equity","Common stocks","Developed markets ex-US","Health Care","CA22717L1013","BF01YS3","2,558,025,472","CAD","Analyze"
"CT:NVU-UN","Northview Apartment Real Estate In","NVU-UN","05/30/2002","Global Equity","REITs","Developed markets ex-US","Real Estate","CA6671851021","BYZGBB8","2,511,977,984","CAD","Analyze"
"CT:IIP-UN","INTERRENT REAL ESTATE INVESTMENT T","IIP-UN","10/04/2001","Global Equity","Common stocks","Developed markets ex-US","Real Estate","CA46071W2058","B1L9R12","2,456,967,936","CAD","Analyze"
"CT:SPB","Superior Plus Corp","SPB","01/02/1997","Global Equity","Common stocks","Developed markets ex-US","Industrials","CA86828P1036","B3KTPS0","2,455,200,000","CAD","Analyze"
"CT:KMP-UN","Killam Apartment Reit Units","KMP-UN","04/03/2003","Global Equity","REITs","Developed markets ex-US","Real Estate","CA49410M1023","BYZ1856","2,453,526,016","CAD","Analyze"
"CT:RCH","Richelieu Hardware Ltd","RCH","05/08/1996","Global Equity","Common stocks","Developed markets ex-US","Industrials","CA76329W1032","2736273","2,433,799,936","CAD","Analyze"
"CT:HBM","Hudbay Minerals Inc","HBM","12/24/2004","Global Equity","Common stocks","Developed markets ex-US","Materials","CA4436281022","B05BDX1","2,345,807,616","CAD","Analyze"
"CT:LIF","Labrador Iron Ore Royalty Corporation","LIF","01/02/1997","Global Equity","Common stocks","Developed markets ex-US","Materials","CA5054401073","B8L02P3","2,341,120,000","CAD","Analyze"
"CT:CS","Capstone Mining Corp","CS","12/31/1999","Global Equity","Common stocks","Developed markets ex-US","Materials","CA14068G1046","2759162","2,310,467,328","CAD","Analyze"
"CT:TRIL","Trillium Therapeutics Inc.","TRIL","01/01/1900","Global Equity","Common stocks","Developed markets ex-US","Health Care","CA89620X5064","BSPKCC6","2,284,691,200","CAD","Analyze"
"CT:MSI","Morneau Shepell Inc","MSI","09/30/2005","Global Equity","Common stocks","Developed markets ex-US","Industrials","CA61767W1041","B64ZLH6","2,218,299,904","CAD","Analyze"
"CT:HUT","Hut 8 Mining Corp.","HUT","01/01/1900","Global Equity","Common stocks","Developed markets ex-US","Unknown","CA44812T1021","","2,205,006,848","CAD","Analyze"
"CT:VET","Vermilion Energy Inc","VET","08/13/1996","Global Equity","Common stocks","Developed markets ex-US","Energy","CA9237251058","B607XS1","2,203,363,584","CAD","Analyze"
"CT:ELD","Eldorado Gold Corporation","ELD","04/16/1996","Global Equity","Common stocks","Emerging markets","Materials","CA2849025093","BHZJ5Y9","2,156,435,200","CAD","Analyze"
"CT:BTE","Baytex Energy Corp","BTE","09/08/2003","Global Equity","Common stocks","Developed markets ex-US","Energy","CA07317Q1054","B4VGVM3","2,149,602,048","CAD","Analyze"
"CT:AUP","Aurinia Pharmaceuticals Inc","AUP","09/19/2000","Global Equity","Common stocks","Developed markets ex-US","Health Care","CA05156V1022","BFWLBZ7","2,147,894,528","CAD","Analyze"
"CT:ERO","Ero Copper Corp","ERO","10/19/2017","Global Equity","Common stocks","Developed markets ex-US","Materials","CA2960061091","BF02Z72","2,146,621,696","CAD","Analyze"
"CT:MAG","MAG Silver Corp","MAG","04/22/2003","Global Equity","Common stocks","Developed markets ex-US","Materials","CA55903Q1046","2581332","2,089,124,352","CAD","Analyze"
"CT:IFP","Interfor Corporation","IFP","06/05/2006","Global Equity","Common stocks","Developed markets ex-US","Materials","CA45868C1095","BMJ71W4","2,070,803,072","CAD","Analyze"
"CT:TGZ","Teranga Gold Corporation","TGZ","11/15/2010","Global Equity","Common stocks","Developed markets ex-US","Materials","CA8807972044","BD1FRN6","2,066,360,064","CAD","Analyze"
"CT:RUS","Russel Metals Inc","RUS","08/13/1996","Global Equity","Common stocks","Developed markets ex-US","Industrials","CA7819036046","2248808","2,054,964,992","CAD","Analyze"
"CT:HCG","Home Capital Group Inc","HCG","05/18/2004","Global Equity","Common stocks","Developed markets ex-US","Financials","CA4369131079","2434180","1,948,247,040","CAD","Analyze"
"CT:CUF-UN","Cominar Real Estate Investment Tru","CUF-UN","12/31/1999","Global Equity","REITs","Developed markets ex-US","Real Estate","CA1999101001","2419927","1,870,122,880","CAD","Analyze"
"CT:BIR","Birchcliff Energy Ltd","BIR","01/20/2005","Global Equity","Common stocks","Developed markets ex-US","Energy","CA0906971035","B0B55N1","1,822,733,824","CAD","Analyze"
"CT:ACB","Aurora Cannabis Inc","ACB","05/22/2014","Global Equity","Common stocks","Developed markets ex-US","Health Care","CA05156X1087","BTGWJY9","1,818,787,456","CAD","Analyze"
"CT:AND","Andlauer Healthcare Group Inc","AND","12/11/2019","Global Equity","Common stocks","Developed markets ex-US","Health Care","CA0342231077","BJP26N8","1,772,177,024","CAD","Analyze"
"CT:LB","Laurentian Bank of Canada","LB","01/12/1995","Global Equity","Common stocks","Developed markets ex-US","Financials","CA51925D1069","2077347","1,762,001,152","CAD","Analyze"
"CT:SES","Secure Energy Services Inc","SES","03/30/2010","Global Equity","Common stocks","Developed markets ex-US","Energy","CA81373C1023","B55SGV6","1,748,189,568","CAD","Analyze"
"CT:FRU","Freehold Royalties Ltd","FRU","01/03/1997","Global Equity","Common stocks","Developed markets ex-US","Energy","CA3565001086","B3SJKB0","1,746,461,184","CAD","Analyze"
"CT:KML","Kinder Morgan Canada Limited","KML","05/30/2017","Global Equity","Common stocks","Developed markets ex-US","Unknown","CA4945492078","BF436X4","1,734,018,048","CAD","Analyze"
"CT:WTE","Westshore Terminals Investment Corporation","WTE","01/30/1998","Global Equity","Common stocks","Developed markets ex-US","Industrials","CA96145A2002","B8KB138","1,721,877,248","CAD","Analyze"
"CT:TCL-A","Transcontinental Inc","TCL-A","12/31/1999","Global Equity","Common stocks","Developed markets ex-US","Industrials","CA8935781044","2357953","1,714,670,464","CAD","Analyze"
"CT:DML","Denison Mines Corp","DML","05/16/1997","Global Equity","Common stocks","Developed markets ex-US","Energy","CA2483561072","2003223","1,702,983,040","CAD","Analyze"
"CT:EIF","Exchange Income Corporation","EIF","07/31/2009","Global Equity","Common stocks","Developed markets ex-US","Industrials","CA3012831077","B3VHDS9","1,696,770,944","CAD","Analyze"
"CT:SEA","Seabridge Gold Inc","SEA","08/08/1996","Global Equity","Common stocks","Developed markets ex-US","Materials","CA8119161054","2246459","1,687,374,720","CAD","Analyze"
"CT:NFI","NFI Group Inc","NFI","08/22/2011","Global Equity","Common stocks","Developed markets ex-US","Industrials","CA62910L1022","BD3HFC5","1,673,118,848","CAD","Analyze"
"CT:FVI","Fortuna Silver Mines Inc","FVI","06/20/2005","Global Equity","Common stocks","Developed markets ex-US","Materials","CA3499151080","2383033","1,672,785,024","CAD","Analyze"
"CT:OGC","OceanaGold Corporation","OGC","06/27/2007","Global Equity","Common stocks","Developed markets ex-US","Materials","CA6752221037","B1Z7L21","1,657,920,000","CAD","Analyze"
"CT:ITP","Intertape Polymer Group Inc","ITP","04/25/1996","Global Equity","Common stocks","Developed markets ex-US","Materials","CA4609191032","2459901","1,651,325,952","CAD","Analyze"
"CT:NWC","The North West Company Inc","NWC","04/08/1997","Global Equity","Common stocks","Developed markets ex-US","Consumer Staples","CA6632782083","BZ3FZR8","1,620,359,296","CAD","Analyze"
"CT:MTY","MTY Food Group Inc","MTY","08/09/1996","Global Equity","Common stocks","Developed markets ex-US","Consumer Discretionary","CA55378N1078","2514275","1,614,688,896","CAD","Analyze"
"CT:CAS","Cascades Inc","CAS","01/12/1995","Global Equity","Common stocks","Developed markets ex-US","Materials","CA1469001053","2179254","1,610,925,696","CAD","Analyze"
"CT:IMG","IAMGOLD Corporation","IMG","08/13/1996","Global Equity","Common stocks","Developed markets ex-US","Materials","CA4509131088","2446646","1,601,712,000","CAD","Analyze"
"CT:SMF","SEMAFO Inc","SMF","01/03/1997","Global Equity","Common stocks","Developed markets ex-US","Materials","CA8169221089","2795371","1,595,412,352","CAD","Analyze"
"CT:PEY","Peyto Exploration & Development Corp","PEY","07/04/2003","Global Equity","Common stocks","Developed markets ex-US","Energy","CA7170461064","B6775F5","1,589,849,344","CAD","Analyze"
"CT:WDO","Wesdome Gold Mines Ltd","WDO","12/18/1989","Global Equity","Common stocks","Developed markets ex-US","Materials","CA95083R1001","B0Y90N5","1,585,408,000","CAD","Analyze"
"CT:DPM","Dundee Precious Metals Inc","DPM","01/12/1995","Global Equity","Common stocks","Developed markets ex-US","Materials","CA2652692096","B00VD03","1,575,257,088","CAD","Analyze"
"CT:SSL","Sandstorm Gold Ltd","SSL","09/26/2008","Global Equity","Common stocks","Developed markets ex-US","Materials","CA80013R2063","B7YC668","1,568,872,704","CAD","Analyze"
"CT:NEXA","Nexa Resources S.A","NEXA","10/26/2017","Global Equity","Common stocks","Emerging markets","Unknown","LU1701428291","","1,564,946,688","CAD","Analyze"
"CT:HBC","Hudson's Bay Company","HBC","11/20/2012","Global Equity","Common stocks","Developed markets ex-US","Consumer Discretionary","CA4442181018","B8436W4","1,552,820,992","CAD","Analyze"
"CT:MRC","Morguard Corporation","MRC","01/12/1995","Global Equity","Common stocks","Developed markets ex-US","Real Estate","CA6175771014","2005809","1,535,310,080","CAD","Analyze"
"CT:JWEL","Jamieson Wellness Inc","JWEL","07/05/2017","Global Equity","Common stocks","Developed markets ex-US","Consumer Staples","CA4707481046","BF5GNG4","1,522,412,544","CAD","Analyze"
"CT:AX-UN","Artis Real Estate Investment Trust","AX-UN","02/17/2004","Global Equity","REITs","Developed markets ex-US","Real Estate","CA04315L1058","B0XZXV3","1,491,791,488","CAD","Analyze"
"CT:CLS","Celestica Inc","CLS","07/08/1998","Global Equity","Common stocks","Developed markets ex-US","Information Technology","CA15101Q1081","2263362","1,472,124,800","CAD","Analyze"
"CT:EFR","Energy Fuels","EFR","01/01/1900","Global Equity","Common stocks","Developed markets ex-US","Energy","CA2926717083","BFV4XV7","1,465,974,912","CAD","Analyze"
"CT:CGG","China Gold International Resources Corp. Ltd","CGG","10/09/2003","Global Equity","Common stocks","Developed markets ex-US","Materials","CA16890P1036","2750488","1,462,767,744","CAD","Analyze"
"CT:TVE","Tamarack Valley Energy Ltd","TVE","06/13/2002","Global Equity","Common stocks","Developed markets ex-US","Energy","CA87505Y4094","B8J3TH5","1,408,962,304","CAD","Analyze"
"CT:BAD","Badger Daylighting Ltd","BAD","04/05/2004","Global Equity","Common stocks","Developed markets ex-US","Industrials","CA05651W2094","B3M4R76","1,404,608,128","CAD","Analyze"
"CT:RFP","Resolute Forest Products Inc","RFP","01/01/1900","Global Equity","Common stocks","Developed markets ex-US","Unknown","US76117W1099","","1,388,839,808","CAD","Analyze"
"CT:CF","Canaccord Genuity Group Inc","CF","03/10/2006","Global Equity","Common stocks","Developed markets ex-US","Financials","CA1348011091","B01R1T5","1,383,285,248","CAD","Analyze"
"CT:CGO","Cogeco Inc","CGO","01/12/1995","Global Equity","Common stocks","Developed markets ex-US","Consumer Discretionary","CA19238T1003","2186890","1,380,963,968","CAD","Analyze"
"CT:SIL","Silvercrest Metals Inc","SIL","12/31/1999","Global Equity","Common stocks","Developed markets ex-US","Materials","CA8283631015","BYVY3D2","1,339,982,848","CAD","Analyze"
"CT:MTL","Mullen Group Ltd","MTL","01/03/1997","Global Equity","Common stocks","Developed markets ex-US","Energy","CA6252841045","B4MMW16","1,328,620,160","CAD","Analyze"
"CT:NVA","NuVista Energy Ltd","NVA","07/07/2003","Global Equity","Common stocks","Developed markets ex-US","Energy","CA67072Q1046","2901167","1,328,122,752","CAD","Analyze"
"CT:DRM","Dream Unlimited Corp","DRM","05/27/2013","Global Equity","Common stocks","Developed markets ex-US","Real Estate","CA26153M2004","BB2D0Q9","1,299,736,960","CAD","Analyze"
"CT:ECA","Encana Corporation","ECA","08/23/2001","Global Equity","Common stocks","Developed markets ex-US","Energy","CA2925051047","2793193","1,288,717,184","CAD","Analyze"
"CT:SIS","Savaria Corporation","SIS","03/24/2003","Global Equity","Common stocks","Developed markets ex-US","Industrials","CA8051121090","2750206","1,267,308,160","CAD","Analyze"
"CT:AAV","Advantage Oil & Gas Ltd","AAV","07/14/2009","Global Equity","Common stocks","Developed markets ex-US","Energy","CA00765F1018","B66PKS8","1,263,287,936","CAD","Analyze"
"CT:ZZZ","Sleep Country Canada Holdings Inc","ZZZ","07/16/2015","Global Equity","Common stocks","Developed markets ex-US","Consumer Discretionary","CA83125J1049","BYP3H11","1,224,378,112","CAD","Analyze"
"CT:D-UN","Dream Office Real Estate Units Tru","D-UN","12/31/1999","Global Equity","REITs","Developed markets ex-US","Real Estate","CA26153P1045","BMJJVS6","1,222,148,352","CAD","Analyze"
"CT:PLC","Park Lawn Corporation","PLC","09/26/2006","Global Equity","Common stocks","Developed markets ex-US","Unknown","CA7005632087","B3MPKB4","1,212,419,456","CAD","Analyze"
"CT:CJR-B","Corus Entertainment Inc","CJR-B","12/31/1999","Global Equity","Common stocks","Developed markets ex-US","Consumer Discretionary","CA2208741017","2484516","1,208,529,280","CAD","Analyze"
"CT:TXG","Torex Gold Resources Inc","TXG","05/04/2010","Global Equity","Common stocks","Developed markets ex-US","Materials","CA8910546032","BD2NKY1","1,207,107,968","CAD","Analyze"
"CT:ACQ","AutoCanada Inc","ACQ","05/11/2006","Global Equity","Common stocks","Developed markets ex-US","Consumer Discretionary","CA05277B2093","B5TZQH9","1,201,164,160","CAD","Analyze"
"CT:ARE","Aecon Group Inc","ARE","03/11/1996","Global Equity","Common stocks","Developed markets ex-US","Industrials","CA00762V1094","2699547","1,193,090,048","CAD","Analyze"
"CT:NGD","New Gold Inc","NGD","08/12/1996","Global Equity","Common stocks","Developed markets ex-US","Materials","CA6445351068","2826947","1,177,784,064","CAD","Analyze"
"CT:CNL","CONTINENTAL GOLD INC","CNL","04/19/2010","Global Equity","Common stocks","Developed markets ex-US","Unknown","CA21146A1084","BZ0W033","1,175,716,352","CAD","Analyze"
"CT:SII","Sprott Inc","SII","05/15/2008","Global Equity","Common stocks","Developed markets ex-US","Financials","CA8520662088","B2RJSY3","1,165,514,496","CAD","Analyze"
"CT:IPCO","International Petroleum Corporation","IPCO","04/24/2017","Global Equity","Common stocks","Developed markets ex-US","Energy","CA46016U1084","BF0L7J5","1,162,174,720","CAD","Analyze"
"CT:SOY","SunOpta Inc","SOY","11/06/2001","Global Equity","Common stocks","Developed markets ex-US","Consumer Staples","CA8676EP1086","2817510","1,131,265,920","CAD","Analyze"
"CT:FSZ","Fiera Capital Corporation","FSZ","08/29/2003","Global Equity","Common stocks","Developed markets ex-US","Financials","CA31660A1030","B64JBZ6","1,095,302,528","CAD","Analyze"
"CT:VGCX","Victoria Gold Corp","VGCX","04/19/1984","Global Equity","Common stocks","Developed markets ex-US","Materials","CA92625W5072","BKMJWS6","1,092,606,976","CAD","Analyze"
"CT:ET","Evertz Technologies Limited","ET","06/22/2001","Global Equity","Common stocks","Developed markets ex-US","Information Technology","CA30041N1078","B17XX09","1,090,866,944","CAD","Analyze"
"CT:ACI","Altagas Canada Inc","ACI","10/25/2018","Global Equity","Common stocks","Developed markets ex-US","Utilities","CA02137A1093","BFY25D4","1,004,700,032","CAD","Analyze"
"CT:EDR","Endeavour Silver Corp","EDR","02/22/2018","Global Equity","Common stocks","Developed markets ex-US","Materials","CA29258Y1034","2980003","994,172,352","CAD","Analyze"
"CT:MEQ","Mainstreet Equity Corp","MEQ","02/22/2018","Global Equity","Common stocks","Developed markets ex-US","Real Estate","CA5609151009","2249124","987,696,320","CAD","Analyze"
"CT:MRE","Martinrea International Inc","MRE","06/03/1998","Global Equity","Common stocks","Developed markets ex-US","Consumer Discretionary","CA5734591046","2107620","968,242,752","CAD","Analyze"
"CT:SIA","Sienna Senior Living Inc","SIA","03/23/2010","Global Equity","Common stocks","Developed markets ex-US","Health Care","CA82621K1021","BWTYXH4","964,022,272","CAD","Analyze"
"CT:AR","Argonaut Gold Inc","AR","01/06/2010","Global Equity","Common stocks","Developed markets ex-US","Materials","CA04016A1012","B50H726","950,564,480","CAD","Analyze"
"CT:KEL","Kelt Exploration Ltd","KEL","03/01/2013","Global Equity","Common stocks","Developed markets ex-US","Energy","CA4882951060","B9KF5Q8","945,251,712","CAD","Analyze"
"CT:EFX","Enerflex Ltd","EFX","06/03/2011","Global Equity","Common stocks","Developed markets ex-US","Energy","CA29269R1055","B4Y2RV9","940,730,560","CAD","Analyze"
"CT:OSK","Osisko Mining Inc","OSK","12/20/2012","Global Equity","Common stocks","Developed markets ex-US","Materials","CA6882811046","BDBCBP7","940,024,256","CAD","Analyze"
"CT:SVM","Silvercorp Metals Inc","SVM","08/08/1996","Global Equity","Common stocks","Developed markets ex-US","Materials","CA82835P1036","2784261","913,513,664","CAD","Analyze"
"CT:GGD","GoGold Resources Inc","GGD","02/12/2010","Global Equity","Common stocks","Developed markets ex-US","Materials","CA38045Y1025","B60BNP0","903,002,752","CAD","Analyze"
"CT:CGX","Cineplex Inc","CGX","11/26/2003","Global Equity","Common stocks","Developed markets ex-US","Consumer Discretionary","CA1724541000","B682FM6","894,391,872","CAD","Analyze"
"CT:LGO","Largo Resources Ltd","LGO","06/24/2003","Global Equity","Common stocks","Developed markets ex-US","Materials","CA5171034047","BRK9VY6","888,661,952","CAD","Analyze"
"CT:MMX","Maverix Metals Inc.","MMX","01/01/1900","Global Equity","Common stocks","Developed markets ex-US","Unknown","CA57776F4050","","888,196,032","CAD","Analyze"
"CT:MI-UN","Minto Apartment Real Estate Invest","MI-UN","07/03/2018","Global Equity","Common stocks","Developed markets ex-US","Real Estate","CA60448E1034","BD6JMH2","867,693,248","CAD","Analyze"
"CT:TCW","Trican Well Service Ltd","TCW","01/03/1997","Global Equity","Common stocks","Developed markets ex-US","Energy","CA8959451037","2869964","863,370,688","CAD","Analyze"
"CT:VFF","Village Farms International","VFF","12/19/2003","Global Equity","Common stocks","Developed markets ex-US","Consumer Staples","CA92707Y1088","B5NF8K2","863,336,768","CAD","Analyze"
"CT:OGI","Organigram Holdings Inc","OGI","01/05/2012","Global Equity","Common stocks","Developed markets ex-US","Health Care","CA68620P1018","BQ963P6","851,531,520","CAD","Analyze"
"CT:WEF","Western Forest Products Inc","WEF","08/03/2004","Global Equity","Common stocks","Developed markets ex-US","Materials","CA9582112038","B02F2N9","836,969,216","CAD","Analyze"
"CT:REAL","Real Matters Inc","REAL","05/11/2017","Global Equity","Common stocks","Developed markets ex-US","Consumer Discretionary","CA75601Y1007","BZ4FM87","827,763,520","CAD","Analyze"
"CT:FEC","Frontera Energy Corporation","FEC","12/11/2015","Global Equity","Common stocks","Developed markets ex-US","Energy","CA35905B1076","BD9P7F0","813,853,312","CAD","Analyze"
"CT:PSI","Pason Systems Inc","PSI","12/24/1997","Global Equity","Common stocks","Developed markets ex-US","Energy","CA7029251088","2569565","795,467,712","CAD","Analyze"
"CT:UNS","Uni-Select Inc","UNS","08/13/1996","Global Equity","Common stocks","Developed markets ex-US","Consumer Discretionary","CA90457D1006","2932480","795,185,728","CAD","Analyze"
"CT:TKO","Taseko Mines Limited","TKO","05/08/1996","Global Equity","Common stocks","Developed markets ex-US","Materials","CA8765111064","2873006","772,129,152","CAD","Analyze"
"CT:PD","Precision Drilling Corporation","PD","01/18/2006","Global Equity","Common stocks","Developed markets ex-US","Energy","CA74022D3085","B5YPLH9","757,286,400","CAD","Analyze"
"CT:LMC","Leagold Mining Corp","LMC","03/01/1996","Global Equity","Common stocks","Developed markets ex-US","Materials","CA52176A2056","BDFKYB4","740,833,600","CAD","Analyze"
"CT:SW","Sierra Wireless, Inc","SW","05/10/1999","Global Equity","Common stocks","Developed markets ex-US","Information Technology","CA8265161064","2418968","736,403,520","CAD","Analyze"
"CT:MDI","Major Drilling Group International Inc","MDI","08/14/1996","Global Equity","Common stocks","Developed markets ex-US","Materials","CA5609091031","2557515","733,387,456","CAD","Analyze"
"CT:NEO","Neo Performance Materials Inc","NEO","12/08/2017","Global Equity","Common stocks","Developed markets ex-US","Materials","CA64046G1063","BF5LL43","721,781,184","CAD","Analyze"
"CT:TOG","TORC Oil & Gas Ltd","TOG","03/09/2001","Global Equity","Common stocks","Developed markets ex-US","Energy","CA8908953034","BDV82P2","714,584,512","CAD","Analyze"
"CT:ROXG","Roxgold Inc.","ROXG","01/01/1900","Global Equity","Common stocks","Developed markets ex-US","Materials","CA7798992029","B1N9N12","712,374,592","CAD","Analyze"
"CT:CNE","Canacol Energy Ltd","CNE","08/14/1996","Global Equity","Common stocks","Developed markets ex-US","Energy","CA1348082035","B97DSV1","710,820,416","CAD","Analyze"
"CT:WPRT","Westport Fuel Systems Inc","WPRT","12/31/1999","Global Equity","Common stocks","Developed markets ex-US","Unknown","CA9609083097","2956811","704,204,608","CAD","Analyze"
"CT:PG","Premier Gold Mines Limited","PG","08/22/2006","Global Equity","Common stocks","Developed markets ex-US","Materials","CA74051D1042","B1CF5B5","702,843,136","CAD","Analyze"
"CT:CHR","Chorus Aviation Inc","CHR","01/04/2011","Global Equity","Common stocks","Developed markets ex-US","Industrials","CA17040T3001","BD2C5N2","698,168,448","CAD","Analyze"
"CT:ALS","Altius Minerals Corporation","ALS","10/31/1997","Global Equity","Common stocks","Developed markets ex-US","Materials","CA0209361009","2122355","694,863,168","CAD","Analyze"
"CT:DII-B","DOREL INDUSTRIES SUBORDINATE VOTIN","DII-B","10/01/1991","Global Equity","Common stocks","Developed markets ex-US","Consumer Discretionary","CA25822C2058","2262369","685,159,104","CAD","Analyze"
"CT:MRG-UN","MORGUARD NORTH AMERICAN RESIDENTIA","MRG-UN","04/16/2013","Global Equity","Common stocks","Developed markets ex-US","Real Estate","CA61761E1007","B5ZPY46","677,378,688","CAD","Analyze"
"CT:GLO","Global Atomic Corporation","GLO","01/01/1900","Global Equity","Common stocks","Developed markets ex-US","Unknown","CA37957M1068","BF11BK3","661,465,920","CAD","Analyze"
"CT:CJ","Cardinal Energy Ltd","CJ","12/17/2013","Global Equity","Common stocks","Developed markets ex-US","Energy","CA14150G4007","BH8B735","659,812,608","CAD","Analyze"
"CT:EXE","Extendicare Inc","EXE","11/10/2006","Global Equity","Common stocks","Developed markets ex-US","Health Care","CA30224T8639","B86RZZ0","653,806,208","CAD","Analyze"
"CT:GUD","Knight Therapeutics Inc","GUD","03/03/2014","Global Equity","Common stocks","Developed markets ex-US","Health Care","CA4990531069","BK6WN77","651,209,600","CAD","Analyze"
"CT:TNT-UN","True North Commercial Real Estate","TNT-UN","09/04/2012","Global Equity","Common stocks","Developed markets ex-US","Real Estate","CA89784Y2096","BBN5Y95","651,123,584","CAD","Analyze"
"CT:ABT","Absolute Software Corporation","ABT","03/29/2000","Global Equity","Common stocks","Developed markets ex-US","Information Technology","CA00386B1094","2570761","646,927,616","CAD","Analyze"
"CT:HRX","Hroux-Devtek Inc","HRX","04/25/1996","Global Equity","Common stocks","Developed markets ex-US","Unknown","CA42774L1094","2422947","640,721,408","CAD","Analyze"
"CT:HEXO","HEXO Corp.","HEXO","01/01/1900","Global Equity","Common stocks","Developed markets ex-US","Unknown","CA4283041099","BMDCRL6","611,241,792","CAD","Analyze"
"CT:MAL","Magellan Aerospace Corporation","MAL","05/06/1996","Global Equity","Common stocks","Developed markets ex-US","Industrials","CA5589122004","2556987","605,578,240","CAD","Analyze"
"CT:III","Imperial Metals Corporation","III","04/25/2002","Global Equity","Common stocks","Developed markets ex-US","Materials","CA4528921022","2878937","593,846,400","CAD","Analyze"
"CT:BLU","BELLUS Health Inc.","BLU","01/01/1900","Global Equity","Common stocks","Developed markets ex-US","Health Care","CA07987C2040","","591,447,360","CAD","Analyze"
"CT:RSI","Rogers Sugar Inc","RSI","10/08/1998","Global Equity","Common stocks","Developed markets ex-US","Consumer Staples","CA77519R1029","B3Q12H8","579,610,368","CAD","Analyze"
"CT:CEU","CES Energy Solutions Corp","CEU","03/02/2006","Global Equity","Common stocks","Developed markets ex-US","Energy","CA15713J1049","BZ57CN7","562,397,056","CAD","Analyze"
"CT:SBB","Sabina Gold & Silver Corp","SBB","03/04/1996","Global Equity","Common stocks","Developed markets ex-US","Materials","CA7852461093","","561,323,456","CAD","Analyze"
"CT:AW-UN","A&W Revenue Fd Uts","AW-UN","02/15/2002","Global Equity","Common stocks","Developed markets ex-US","Unknown","","2848004","558,632,320","CAD","Analyze"
"CT:EGLX","Enthusiast Gaming Holdings Inc","EGLX","01/01/1900","Global Equity","Common stocks","Developed markets ex-US","Unknown","CA29385B1094","","553,910,400","CAD","Analyze"
"CT:CXB","Calibre Mining Corp.","CXB","01/01/1900","Global Equity","Common stocks","Developed markets ex-US","Materials","CA13000C2058","BGYKMJ0","546,071,744","CAD","Analyze"
"CT:LMNL","Liminal BioSciences Inc.","LMNL","01/01/1900","Global Equity","Common stocks","Developed markets ex-US","Health Care","CA53272L1031","","539,542,464","CAD","Analyze"
"CT:CLR","Clearwater Seafoods Incorporated","CLR","07/31/2002","Global Equity","Common stocks","Developed markets ex-US","Consumer Staples","CA18538U1066","B709K94","536,820,320","CAD","Analyze"
"CT:BDT","Bird Construction Inc","BDT","02/27/2006","Global Equity","Common stocks","Developed markets ex-US","Industrials","CA09076P1045","B6621M0","535,342,144","CAD","Analyze"
"CT:AGF-B","AGF Management Limited","AGF-B","12/31/1999","Global Equity","Common stocks","Developed markets ex-US","Financials","CA0010921058","2001528","535,339,744","CAD","Analyze"
"CT:AFN","Ag Growth International Inc","AFN","06/08/2009","Global Equity","Common stocks","Developed markets ex-US","Capital Goods","CA0011811068","B545BK2","529,747,104","CAD","Analyze"
"CT:ATH","Athabasca Oil Corporation","ATH","04/08/2010","Global Equity","Common stocks","Developed markets ex-US","Energy","CA04682R1073","B8DG7Z4","525,368,256","CAD","Analyze"
"CT:MKP","MCAN Mortgage Corporation","MKP","08/13/1996","Global Equity","Common stocks","Developed markets ex-US","Unknown","CA5791761086","2531382","509,852,608","CAD","Analyze"
"CT:CSW-A","Corby Spirit And Wine Ltd Voting C","CSW-A","03/19/1980","Global Equity","Common stocks","Developed markets ex-US","Consumer Staples","CA2183491083","BGFM9N8","504,726,784","CAD","Analyze"
"CT:GCM","Gran Colombia Gold Corp","GCM","01/17/1983","Global Equity","Common stocks","Developed markets ex-US","Materials","CA38501D8089","BDDYDZ5","504,247,296","CAD","Analyze"
"CT:WJX","Wajax Corporation","WJX","06/15/2005","Global Equity","Common stocks","Developed markets ex-US","Industrials","CA9307831052","B66T819","502,327,552","CAD","Analyze"
"CT:CR","Crew Energy Inc","CR","09/10/2003","Global Equity","Common stocks","Developed markets ex-US","Energy","CA2265331074","2554721","496,349,088","CAD","Analyze"
"CT:AT","AcuityAds Holdings Inc","AT","01/01/1900","Global Equity","Common stocks","Developed markets ex-US","Unknown","CA00510L1067","","493,864,256","CAD","Analyze"
"CT:CFX","Canfor Pulp Products Inc","CFX","07/06/2006","Global Equity","Common stocks","Developed markets ex-US","Materials","CA1375842079","B63XT22","482,076,288","CAD","Analyze"
"CT:WM","Wallbridge Mining Company Ltd","WM","07/25/2000","Global Equity","Common stocks","Developed markets ex-US","Materials","CA9323971023","2614324","480,074,112","CAD","Analyze"
"CT:MRD","Melcor Developments Ltd","MRD","04/25/1996","Global Equity","Common stocks","Developed markets ex-US","Real Estate","CA5854671032","2576071","479,465,696","CAD","Analyze"
"CT:SMT","Sierra Metals Inc","SMT","10/04/1996","Global Equity","Common stocks","Developed markets ex-US","Materials","CA82639W1068","","473,860,000","CAD","Analyze"
"CT:FC","Firm Capital Mortgage Investment Corporation","FC","10/08/2003","Global Equity","Common stocks","Developed markets ex-US","Unknown","CA3183231024","B63WCJ7","468,172,416","CAD","Analyze"
"CT:AIM","Aimia Inc","AIM","06/23/2005","Global Equity","Common stocks","Developed markets ex-US","Unknown","CA00900Q1037","B84YZ75","467,990,272","CAD","Analyze"
"CT:PLZ-UN","PLAZA RETAIL REIT UNITS","PLZ-UN","12/31/1999","Global Equity","Common stocks","Developed markets ex-US","Real Estate","CA72820F1036","BHZFZF8","465,171,168","CAD","Analyze"
"CT:AOT","Ascot Resources Ltd.","AOT","01/01/1900","Global Equity","Common stocks","Developed markets ex-US","Unknown","CA04364G1063","","462,081,472","CAD","Analyze"
"CT:EXF","Exfo Inc","EXF","01/01/1900","Global Equity","Common stocks","Developed markets ex-US","Unknown","CA3020461073","","448,500,256","CAD","Analyze"
"CT:HLF","High Liner Foods Incorporated","HLF","01/29/1999","Global Equity","Common stocks","Developed markets ex-US","Consumer Staples","CA4296951094","2626965","444,706,784","CAD","Analyze"
"CT:MOGO","Mogo Finance Technology Inc.","MOGO","01/01/1900","Global Equity","Common stocks","Developed markets ex-US","Unknown","CA60800C1095","","443,362,528","CAD","Analyze"
"CT:AD","Alaris Royalty Corp","AD","10/29/2009","Global Equity","Common stocks","Developed markets ex-US","Financials","CA01163Q4007","B95JCB9","436,614,464","CAD","Analyze"
"CT:POM","PolyMet Mining","POM","01/01/1900","Global Equity","Common stocks","Developed markets ex-US","Materials","CA7319164090","","428,727,264","CAD","Analyze"
"CT:TH","Theratechnologies Inc","TH","12/31/1999","Global Equity","Common stocks","Developed markets ex-US","Health Care","CA88338H1001","2889906","409,974,080","CAD","Analyze"
"CT:GSC","Golden Star Resources Ltd","GSC","01/12/1995","Global Equity","Common stocks","Developed markets ex-US","Unknown","CA38119T8077","","407,352,000","CAD","Analyze"
"CT:CMG","Computer Modelling Group Ltd","CMG","03/31/1997","Global Equity","Common stocks","Developed markets ex-US","Energy","CA2052491057","2223355","405,380,992","CAD","Analyze"
"CT:KBL","K-Bro Linen Inc","KBL","02/03/2005","Global Equity","Common stocks","Developed markets ex-US","Unknown","CA48243M1077","B6624T8","405,134,976","CAD","Analyze"
"CT:GTE","Gran Tierra Energy Inc","GTE","02/19/2008","Global Equity","Common stocks","Developed markets ex-US","Energy","US38500T1016","B2PPCS5","400,021,280","CAD","Analyze"
"CT:SCL","Shawcor Ltd","SCL","11/08/2004","Global Equity","Common stocks","Developed markets ex-US","Energy","CA8204391079","B9M2YJ3","393,269,472","CAD","Analyze"
"CT:XTC","Exco Technologies Limited","XTC","04/25/1996","Global Equity","Common stocks","Developed markets ex-US","Industrials","CA30150P1099","2325392","391,134,176","CAD","Analyze"
"CT:PRN","Profound Medical Corp.","PRN","01/01/1900","Global Equity","Common stocks","Developed markets ex-US","Unknown","CA74319B5027","","385,106,624","CAD","Analyze"
"CT:U","Uranium Participation Corporation","U","05/09/2006","Global Equity","Common stocks","Developed markets ex-US","Financials","CA9170171057","B085ST1","384,325,632","CAD","Analyze"
"CT:SGY","Surge Energy Inc","SGY","09/09/1998","Global Equity","Common stocks","Developed markets ex-US","Energy","CA86880Y1097","2290597","380,912,000","CAD","Analyze"
"CT:HNL","Horizon North Logistics Inc","HNL","07/25/2006","Global Equity","Common stocks","Developed markets ex-US","Unknown","CA44044D2068","B16TCX4","371,052,960","CAD","Analyze"
"CT:PZA","Pizza Pizza Royalty Corp","PZA","07/06/2005","Global Equity","Common stocks","Developed markets ex-US","Unknown","CA72585V1031","B8FP6T6","365,212,352","CAD","Analyze"
"CT:MRT-UN","MORGUARD REAL ESTATE INVESTMENT TR","MRT-UN","06/09/2000","Global Equity","Common stocks","Developed markets ex-US","Real Estate","CA6179141065","2121448","364,318,592","CAD","Analyze"
"CT:ESI","Ensign Energy Services Inc","ESI","04/25/1996","Global Equity","Common stocks","Developed markets ex-US","Energy","CA2935701078","2317623","363,563,168","CAD","Analyze"
"CT:OBE","Obsidian Energy Ltd","OBE","12/31/1999","Global Equity","Common stocks","Developed markets ex-US","Energy","CA6744821043","BDHLTZ4","360,790,976","CAD","Analyze"
"CT:CRH","CRH Medical Corporation","CRH","07/07/2003","Global Equity","Common stocks","Developed markets ex-US","Health Care","CA12626F1053","2900205","357,385,792","CAD","Analyze"
"CT:SOT-UN","SLATE OFFICE REAL ESTATE INVESTMEN","SOT-UN","06/30/2006","Global Equity","Common stocks","Developed markets ex-US","Real Estate","CA8310211005","BWCHKM4","355,768,352","CAD","Analyze"
"CT:AKG","Asanko Gold Inc","AKG","01/31/2005","Global Equity","Common stocks","Developed markets ex-US","Materials","CA04341Y1051","B7Y5P59","353,305,600","CAD","Analyze"
"CT:AUG","Auryn Resources Inc.","AUG","01/01/1900","Global Equity","Common stocks","Developed markets ex-US","Unknown","","","347,589,984","CAD","Analyze"
"CT:DRT","DIRTT Environmental Solutions Ltd","DRT","11/28/2013","Global Equity","Common stocks","Developed markets ex-US","Industrials","CA25490H1064","BH13VJ2","345,748,416","CAD","Analyze"
"CT:AXU","Alexco Resource Corp","AXU","01/01/1900","Global Equity","Common stocks","Developed markets ex-US","Unknown","CA01535P1062","","330,488,544","CAD","Analyze"
"CT:OPS","Opsens Inc.","OPS","01/01/1900","Global Equity","Common stocks","Emerging markets","Unknown","CA6838231083","","325,788,800","CAD","Analyze"
"CT:QTRH","Quarterhill Inc","QTRH","01/01/1900","Global Equity","Common stocks","Developed markets ex-US","Unknown","CA7477131055","","325,322,144","CAD","Analyze"
"CT:ATP","Atlantic Power Corporation","ATP","11/18/2004","Global Equity","Common stocks","Developed markets ex-US","Unknown","CA04878Q8636","B046P42","324,170,048","CAD","Analyze"
"CT:GUY","Guyana Goldfields Inc","GUY","01/06/2004","Global Equity","Common stocks","Developed markets ex-US","Materials","CA4035301080","B07J7D1","321,197,760","CAD","Analyze"
"CT:CWEB","Charlottes Web Hldgs Inc","CWEB","05/31/2019","Global Equity","Common stocks","Developed markets ex-US","Health Care","CA16106R1091","BGHY2B1","313,642,528","CAD","Analyze"
"CT:WRN","Western Copper And Gold Corporation","WRN","01/01/1900","Global Equity","Common stocks","Developed markets ex-US","Unknown","CA95805V1085","","311,692,320","CAD","Analyze"
"CT:BPF-UN","Boston Pizza TU","BPF-UN","07/17/2002","Global Equity","Common stocks","Developed markets ex-US","Unknown","","2968441","307,757,440","CAD","Analyze"
"CT:DR","Medical Facilities Corporation","DR","11/27/2006","Global Equity","Common stocks","Developed markets ex-US","Health Care","CA58457V5036","B4NPRQ4","302,664,288","CAD","Analyze"
"CT:ALYA","Alithya Group Inc. - Class A","ALYA","01/01/1900","Global Equity","Common stocks","Developed markets ex-US","Unknown","CA01643B1067","","298,606,016","CAD","Analyze"
"CT:CLIQ","Alcanna Rg","CLIQ","09/28/2004","Global Equity","Common stocks","Developed markets ex-US","Unknown","CA01374C1095","BD05NY0","290,936,832","CAD","Analyze"
"CT:NDM","Northern Dynasty Minerals Ltd","NDM","08/08/1996","Global Equity","Common stocks","Developed markets ex-US","Materials","CA66510M2040","2637848","290,690,944","CAD","Analyze"
"CT:LUC","Lucara Diamond Corp","LUC","02/22/2018","Global Equity","Common stocks","Developed markets ex-US","Materials","CA54928Q1081","2862565","289,942,400","CAD","Analyze"
"CT:TMR","Tmac Resources Inc","TMR","07/07/2015","Global Equity","Common stocks","Developed markets ex-US","Materials","CA8725771015","BYT0622","286,607,200","CAD","Analyze"
"CT:FAF","Fire & Flower Holdings Corp.","FAF","01/01/1900","Global Equity","Common stocks","Developed markets ex-US","Unknown","CA3181081074","BJJG8Y1","282,005,376","CAD","Analyze"
"CT:VMD","Viemed Healthcare Inc","VMD","12/22/2017","Global Equity","Common stocks","Developed markets ex-US","Health Care","CA92663R1055","BDT5BK3","278,701,632","CAD","Analyze"
"CT:ARG","Amerigo Resources Ltd","ARG","01/01/1900","Global Equity","Common stocks","Developed markets ex-US","Unknown","CA03074G1090","","265,663,056","CAD","Analyze"
"CT:TGL","Transglobe Energy Corporation","TGL","01/01/1900","Global Equity","Common stocks","Developed markets ex-US","Energy","CA8936621066","","265,141,360","CAD","Analyze"
"CT:CAL","Caledonia Mining Corporation Plc","CAL","01/01/1900","Global Equity","Common stocks","Developed markets ex-US","Unknown","JE00BF0XVB15","","263,482,992","CAD","Analyze"
"CT:FIRE","Supreme Cannabis Company","FIRE","01/01/1900","Global Equity","Common stocks","Developed markets ex-US","Unknown","CA86860J1066","BFN2HL7","251,768,240","CAD","Analyze"
"CT:TOT","Total Energy Services Inc","TOT","05/27/2009","Global Equity","Common stocks","Developed markets ex-US","Energy","CA89154B1022","B4YSN64","238,480,000","CAD","Analyze"
"CT:JE","Just Energy Group Inc","JE","04/30/2001","Global Equity","Common stocks","Developed markets ex-US","Utilities","CA48213W1014","B63MCN1","236,546,720","CAD","Analyze"
"CT:MND","Mandalay Resources Corporation","MND","06/12/2006","Global Equity","Common stocks","Developed markets ex-US","Materials","CA5625682045","2744953","225,059,008","CAD","Analyze"
"CT:BNE","Bonterra Energy Corp","BNE","11/19/2008","Global Equity","Common stocks","Developed markets ex-US","Energy","CA0985461049","B3K3G89","221,801,616","CAD","Analyze"
"CT:GPR","Great Panther Silver Limited","GPR","10/09/2003","Global Equity","Common stocks","Developed markets ex-US","Materials","CA39115V1013","2926472","221,213,520","CAD","Analyze"
"CT:RIV","Canopy Rivers","RIV","01/01/1900","Global Equity","Common stocks","Developed markets ex-US","Unknown","CA1380411084","BF5HVC9","220,774,256","CAD","Analyze"
"CT:FF","First Mining Gold Corp.","FF","01/01/1900","Global Equity","Common stocks","Developed markets ex-US","Unknown","CA3208901064","","220,040,736","CAD","Analyze"
"CT:TV","Trevali Mining Corporation","TV","10/07/2010","Global Equity","Common stocks","Developed markets ex-US","Materials","CA89531J1093","B66J1R6","212,711,760","CAD","Analyze"
"CT:BU","Burcon NutraScience Corporation","BU","01/01/1900","Global Equity","Common stocks","Developed markets ex-US","Health Care","CA1208311029","","207,219,712","CAD","Analyze"
"CT:TMD","Titan Medical Inc.","TMD","01/01/1900","Global Equity","Common stocks","Developed markets ex-US","Health Care","CA88830X8199","","204,107,520","CAD","Analyze"
"CT:EFL","Electrovaya Inc.","EFL","01/01/1900","Global Equity","Common stocks","Developed markets ex-US","Unknown","CA28617B1013","","189,723,280","CAD","Analyze"
"CT:ALEF","Aleafia Health Inc.","ALEF","01/01/1900","Global Equity","Common stocks","Developed markets ex-US","Unknown","CA01444Q1046","BDRXWQ2","189,563,232","CAD","Analyze"
"CT:CRDL","Cardiol Therapeutics Inc. Class A","CRDL","01/01/1900","Global Equity","Common stocks","Developed markets ex-US","Unknown","CA14161Y2006","BHZT969","185,529,248","CAD","Analyze"
"CT:CFW","Calfrac Well Services Ltd","CFW","04/25/1996","Global Equity","Common stocks","Developed markets ex-US","Unknown","CA1295841086","B00FMR5","183,743,712","CAD","Analyze"
"CT:GH","Gamehost Inc","GH","08/15/2006","Global Equity","Common stocks","Developed markets ex-US","Unknown","CA36468B1040","B3MHGL2","183,535,552","CAD","Analyze"
"CT:TRZ","Transat A.T. Inc","TRZ","01/28/2009","Global Equity","Common stocks","Developed markets ex-US","Consumer Discretionary","CA89351T4019","BD5WCH2","174,769,072","CAD","Analyze"
"CT:RMX","Rubicon Minerals Corporation","RMX","01/01/1900","Global Equity","Common stocks","Developed markets ex-US","Unknown","","","171,486,128","CAD","Analyze"
"CT:S","Sherritt International Corporation","S","12/31/1999","Global Equity","Common stocks","Developed markets ex-US","Unknown","CA8239011031","2804158","170,832,992","CAD","Analyze"
"CT:TLG","Troilus Gold Corp.","TLG","01/01/1900","Global Equity","Common stocks","Developed markets ex-US","Unknown","CA8968871068","","166,063,648","CAD","Analyze"
"CT:MDNA","Medicenna Therapeutics Corp.","MDNA","01/01/1900","Global Equity","Common stocks","Developed markets ex-US","Health Care","CA58490H1073","","160,152,048","CAD","Analyze"
"CT:MYA","Maya Gold And Silver Inc","MYA","07/24/2008","Global Equity","Common stocks","Developed markets ex-US","Materials","CA5778385016","BFZ2TF3","159,892,480","CAD","Analyze"
"CT:ONC","Oncolytics Biotech Inc.","ONC","01/01/1900","Global Equity","Common stocks","Developed markets ex-US","Health Care","CA6823108759","","145,643,216","CAD","Analyze"
"CT:BAR","Balmoral Resources Ltd.","BAR","01/01/1900","Global Equity","Common stocks","Developed markets ex-US","Unknown","","","142,858,400","CAD","Analyze"
"CT:RME","Rocky Mountain Dealerships Inc.","RME","01/01/1900","Global Equity","Common stocks","Developed markets ex-US","Unknown","CA77467Q1063","","142,500,320","CAD","Analyze"
"CT:NMX","Nemaska Lithium Inc","NMX","01/20/2010","Global Equity","Common stocks","Developed markets ex-US","Materials","CA64045C1068","B733H36","139,859,616","CAD","Analyze"
"CT:USA","Americas Silver Corporation","USA","07/11/2006","Global Equity","Common stocks","Developed markets ex-US","Materials","CA03063L7051","BK7CQN3","137,127,008","CAD","Analyze"
"CT:TRST","CannTrust Hldgs Rg","TRST","12/28/2017","Global Equity","Common stocks","Developed markets ex-US","Unknown","CA1378002077","BYVRPK2","128,477,440","CAD","Analyze"
"CT:STEP","STEP Energy Services Ltd","STEP","05/02/2017","Global Equity","Common stocks","Developed markets ex-US","Unknown","CA85859H1055","BD6RP33","122,565,424","CAD","Analyze"
"CT:IPO","InPlay Oil Corp","IPO","01/01/1900","Global Equity","Common stocks","Developed markets ex-US","Energy","CA45780T2065","","119,505,048","CAD","Analyze"
"CT:NEPT","Neptune Wellness Solutions Inc","NEPT","01/01/1900","Global Equity","Common stocks","Developed markets ex-US","Unknown","CA64079L1058","","115,350,752","CAD","Analyze"
"CT:ANX","Anaconda Mining Inc.","ANX","01/01/1900","Global Equity","Common stocks","Developed markets ex-US","Unknown","CA03240P2070","","111,411,832","CAD","Analyze"
"CT:PONY","Painted Pony Energy Ltd","PONY","05/23/2017","Global Equity","Common stocks","Developed markets ex-US","Energy","CA6957791081","BF0LLW6","111,087,240","CAD","Analyze"
"CT:TML","Treasury Metals Inc.","TML","01/01/1900","Global Equity","Common stocks","Developed markets ex-US","Unknown","CA8946478259","","104,148,800","CAD","Analyze"
"CT:MPVD","Mountain Province Diamonds Inc","MPVD","12/31/1999","Global Equity","Common stocks","Developed markets ex-US","Unknown","CA62426E4022","2607948","98,930,776","CAD","Analyze"
"CT:PSD","Pulse Seismic Inc.","PSD","01/01/1900","Global Equity","Common stocks","Developed markets ex-US","Unknown","CA74586Q1090","","95,214,136","CAD","Analyze"
"CT:AEZS","Aeterna Zentaris Inc.","AEZS","01/01/1900","Global Equity","Common stocks","Developed markets ex-US","Health Care","CA0079754028","","94,611,656","CAD","Analyze"
"CT:TGOD","Green Org Dutchm Rg","TGOD","05/02/2018","Global Equity","Common stocks","Developed markets ex-US","Unknown","CA3932102088","BG0DCR1","89,954,480","CAD","Analyze"
"CT:ER","Eastmain Resources Inc.","ER","01/01/1900","Global Equity","Common stocks","Developed markets ex-US","Unknown","CA27743M1068","","79,921,328","CAD","Analyze"
"CT:PRQ","Petrus Resources Ltd.","PRQ","01/01/1900","Global Equity","Common stocks","Developed markets ex-US","Energy","CA71678F1080","","75,244,800","CAD","Analyze"
"CT:NHK","Nighthawk Gold Corp.","NHK","01/01/1900","Global Equity","Common stocks","Developed markets ex-US","Unknown","CA65412D8098","","72,370,080","CAD","Analyze"
"CT:LABS","Medipharm Labs Corp","LABS","07/29/2019","Global Equity","Common stocks","Developed markets ex-US","Health Care","CA58504D1006","BG87WT7","71,217,632","CAD","Analyze"
"CT:PAT","Patriot One Technologies Inc.","PAT","01/01/1900","Global Equity","Common stocks","Developed markets ex-US","Unknown","CA70339L1085","","70,842,624","CAD","Analyze"
"CT:AMM","Almaden Minerals Ltd.","AMM","01/01/1900","Global Equity","Common stocks","Developed markets ex-US","Materials","CA0202833053","","67,238,288","CAD","Analyze"
"CT:EXN","Excellon Resources Inc","EXN","08/09/1996","Global Equity","Common stocks","Developed markets ex-US","Materials","CA30069C2076","BMXP889","61,267,744","CAD","Analyze"
"CT:GMX","Globex Mining Enterprises Inc.","GMX","01/01/1900","Global Equity","Common stocks","Developed markets ex-US","Unknown","CA3799005093","","57,514,908","CAD","Analyze"
"CT:ELEF","Silver Elephant Mining Corp","ELEF","01/01/1900","Global Equity","Common stocks","Developed markets ex-US","Unknown","CA82770L1094","","55,549,260","CAD","Analyze"
"CT:MBA","CIBT Education Group Inc","MBA","01/01/1900","Global Equity","Common stocks","Developed markets ex-US","Unknown","CA17163Y1025","","45,628,572","CAD","Analyze"
"CT:DN","Delta 9 Cannabis Inc.","DN","01/01/1900","Global Equity","Common stocks","Developed markets ex-US","Unknown","CA2477541049","","44,060,356","CAD","Analyze"
"CT:AVL","Avalon Advanced Materials Inc.","AVL","01/01/1900","Global Equity","Common stocks","Developed markets ex-US","Unknown","CA05337L1067","","43,366,560","CAD","Analyze"
"CT:HSM","Helius Medical Technologies Inc. Class A","HSM","01/01/1900","Global Equity","Common stocks","Developed markets ex-US","Health Care","US42328V5049","BDT72Z1","42,531,080","CAD","Analyze"
"CT:FT","Fortune Minerals Limited","FT","01/01/1900","Global Equity","Common stocks","Developed markets ex-US","Unknown","CA34967D1015","","42,094,372","CAD","Analyze"
"CT:KLS","Kelso Technologies Inc Ordinary Shares","KLS","01/01/1900","Global Equity","Common stocks","Developed markets ex-US","Industrials","CA48826D2014","","40,740,076","CAD","Analyze"
"CT:CORV","Correvio Pharma Corp.","CORV","07/25/2000","Global Equity","Common stocks","Developed markets ex-US","Health Care","CA22026V1058","","37,067,408","CAD","Analyze"
"CT:IN","InMed Pharmaceuticals Inc.","IN","01/01/1900","Global Equity","Common stocks","Developed markets ex-US","Health Care","CA4576375022","","33,732,476","CAD","Analyze"
"CT:VIVO","VIVO Cannabis Inc.","VIVO","01/01/1900","Global Equity","Common stocks","Developed markets ex-US","Unknown","CA92845J1049","","33,380,730","CAD","Analyze"
"CT:AVCN","Avicanna Inc","AVCN","01/01/1900","Global Equity","Common stocks","Developed markets ex-US","Unknown","CA05368K1003","","32,604,564","CAD","Analyze"
"CT:CGT","Columbus Gold Corporation","CGT","01/01/1900","Global Equity","Common stocks","Developed markets ex-US","Unknown","","","25,469,728","CAD","Analyze"
"CT:MSV","Minco Silver Corporation","MSV","12/02/2005","Global Equity","Common stocks","Developed markets ex-US","Materials","CA60254C1005","B0SL8P5","24,410,040","CAD","Analyze"
"CT:ASND","Ascendant Resources Inc.","ASND","01/01/1900","Global Equity","Common stocks","Developed markets ex-US","Unknown","CA0435041094","","23,056,176","CAD","Analyze"
"CT:BNP","Bonavista Energy Corporation","BNP","07/07/2003","Global Equity","Common stocks","Developed markets ex-US","Energy","CA09784Y1088","B67JFX9","11,909,116","CAD","Analyze"
"CT:BKX","BNK Petroleum Inc.","BKX","01/01/1900","Global Equity","Common stocks","Developed markets ex-US","Energy","CA05570P1036","","11,646,151","CAD","Analyze"
"CT:TAO","TAG Oil Ltd","TAO","01/01/1900","Global Equity","Common stocks","Developed markets ex-US","Energy","","","11,104,106","CAD","Analyze"
"CT:NRI","Nuvo Pharmaceuticals Inc.","NRI","01/01/1900","Global Equity","Common stocks","Developed markets ex-US","Unknown","CA67092F1045","","10,363,080","CAD","Analyze"
"CT:GSV","Gold Standard Ventures Corporation","GSV","01/01/1900","","","","Unknown","","","0","USD","Analyze"
"CT:IMV","IMV Inc.","IMV","01/01/1900","","","","Unknown","","","0","USD","Analyze"
"CT:JOY","Journey Energy Inc.","JOY","01/01/1900","","","","Unknown","","","0","USD","Analyze"
"CT:NOA","North American Construction Group Ltd.","NOA","01/01/1900","","","","Unknown","","","0","USD","Analyze"
"CT:PTM","Platinum Group Metals Ltd.","PTM","01/01/1900","","","","Unknown","","","0","USD","Analyze"
"CT:1832421D","Topicus Inc","1832421D","10/15/2021","Global Equity","Common stocks","Developed markets ex-US","Information Technology","CA89072T1021","BNGJNT1","0","CAD","Analyze"
"CT:ACO.X","ATCO LTD CLASS I","ACO.X","10/15/2021","Global Equity","Common stocks","Developed markets ex-US","Utilities","CA0467894006","2060615","0","CAD","Analyze"
"CT:AD.UN","Alaris Equity Partners Income Unit","AD.UN","10/15/2021","Global Equity","Common stocks","Developed markets ex-US","Financials","CAC010971017","BN6RJP3","0","CAD","Analyze"
"CT:AKU","Akumin Inc.","AKU","01/01/1900","Global Equity","Common stocks","Developed markets ex-US","Communication Services","CA01021F1099","","0","CAD","Analyze"
"CT:ALL","Almonty Industries Inc.","ALL","01/01/1900","Global Equity","Common stocks","Developed markets ex-US","Unknown","","","0","CAD","Analyze"
"CT:APR.UN","Automotive Properties Real Estate","APR.UN","10/15/2021","Global Equity","Common stocks","Developed markets ex-US","Real Estate","CA05329M1041","BYTCKT3","0","CAD","Analyze"
"CT:ASM","Avino Silver & Gold Mines Ltd.","ASM","01/01/1900","Global Equity","Common stocks","Developed markets ex-US","Communication Services","CA0539061030","","0","CAD","Analyze"
"CT:AVNT","Avant Brands Inc","AVNT","01/01/1900","Global Equity","Common stocks","Developed markets ex-US","Communication Services","CA05353D1033","","0","CAD","Analyze"
"CT:BAMR","Brookfield Asset Management Reinsu","BAMR","06/28/2021","Global Equity","Common stocks","Developed markets ex-US","Financials","BMG161691073","BM94WM2","0","CAD","Analyze"
"CT:BDGI","Badger Infrastructure Solutions Lt","BDGI","06/26/1997","Global Equity","Common stocks","Developed markets ex-US","Industrials","CA0565331026","BLCW7S7","0","CAD","Analyze"
"CT:BEPC","Brookfield Renewable Subordinate V","BEPC","07/24/2020","Global Equity","Common stocks","Developed markets ex-US","Utilities","CA11284V1058","BMXWR83","0","CAD","Analyze"
"CT:BIP.UN","Brookfield Infrastructure Partners","BIP.UN","10/15/2021","Global Equity","Common stocks","","Utilities","BMG162521014","B2NR6V4","0","CAD","Analyze"
"CT:BOS","Airboss Of America Corp","BOS","06/04/1992","Global Equity","Common stocks","Developed markets ex-US","Materials","CA00927V2003","2256124","0","CAD","Analyze"
"CT:BPY.UN","Brookfield Property Partners LP","BPY.UN","10/15/2021","Global Equity","MLPs","","Real Estate","","","0","CAD","Analyze"
"CT:BTB.UN","Btb Real Estate Investment Units T","BTB.UN","10/15/2021","Global Equity","Common stocks","Developed markets ex-US","Real Estate","CA11777P3007","B896JK7","0","CAD","Analyze"
"CT:CTS","Converge Technology Solutions Corp.","CTS","01/01/1900","Global Equity","Common stocks","Developed markets ex-US","Information Technology","CA21250C1068","BH3ZX78","0","CAD","Analyze"
"CT:DCBO","Docebo Inc","DCBO","10/08/2019","Global Equity","Common stocks","Developed markets ex-US","Information Technology","CA25609L1058","BK5MWP9","0","CAD","Analyze"
"CT:DND","Dye And Durham Ltd","DND","07/17/2020","Global Equity","Common stocks","Developed markets ex-US","Information Technology","CA2674881040","BLCB9D3","0","CAD","Analyze"
"CT:ERE.UN","European Residential Real Estate I","ERE.UN","10/15/2021","Global Equity","Common stocks","Developed markets ex-US","Real Estate","CA29880W1032","BJGZFR3","0","CAD","Analyze"
"CT:FCR.UN","First Capital Realty Real Estate I","FCR.UN","10/15/2021","Global Equity","Common stocks","Developed markets ex-US","Real Estate","CA31890B1031","BKSLS55","0","CAD","Analyze"
"CT:FCU","Fission Uranium Corp","FCU","04/30/2013","Global Equity","Common stocks","Developed markets ex-US","Unknown","CA33812R1091","B94QMQ6","0","CAD","Analyze"
"CT:FGE","Fortress Global Enterprises Inc. Class A","FGE","01/01/1900","Global Equity","Common stocks","Developed markets ex-US","Unknown","","","0","CAD","Analyze"
"CT:FTRP","Field Trip Health Ltd.","FTRP","01/01/1900","Global Equity","Common stocks","Developed markets ex-US","Health Care","CA31656R1029","","0","CAD","Analyze"
"CT:FURY","Fury Gold Mines Limited","FURY","01/01/1900","Global Equity","Common stocks","Developed markets ex-US","Materials","CA36117T1003","","0","CAD","Analyze"
"CT:GDI","Gdi Integrated Facility Services S","GDI","03/21/2001","Global Equity","Common stocks","Developed markets ex-US","Industrials","CA3615692058","BXQKTF2","0","CAD","Analyze"
"CT:GIB.A","Cgi Inc","GIB.A","10/15/2021","Global Equity","Common stocks","Developed markets ex-US","Information Technology","CA12532H1047","BJ2L575","0","CAD","Analyze"
"CT:GLXY","Galaxy Digital Holdings Ltd","GLXY","01/01/1900","Global Equity","Common stocks","Developed markets ex-US","Communication Services","KYG370921069","","0","CAD","Analyze"
"CT:GOLD","GoldMining Inc.","GOLD","01/01/1900","Global Equity","Common stocks","Developed markets ex-US","Materials","CA38149E1016","","0","CAD","Analyze"
"CT:GTMS","Greenbrook TMS Inc.","GTMS","01/01/1900","Global Equity","Common stocks","Developed markets ex-US","Health Care","CA3937041018","","0","CAD","Analyze"
"CT:HR.UN","Handr Real Estate Investment Trust","HR.UN","10/15/2021","Global Equity","Common stocks","Developed markets ex-US","Real Estate","CA4039254079","BGM8DW6","0","CAD","Analyze"
"CT:IAU","I Gold Corp","IAU","10/15/2021","Global Equity","Common stocks","Developed markets ex-US","Materials","CA44955L1067","BN96CD6","0","CAD","Analyze"
"CT:INO.UN","Inovalis Real Estate Investment Un","INO.UN","10/15/2021","Global Equity","Common stocks","Developed markets ex-US","Real Estate","CA45780E1007","B7SFSM3","0","CAD","Analyze"
"CT:ITH","International Tower Hill Mines Ltd","ITH","01/01/1900","Global Equity","Common stocks","Developed markets ex-US","Communication Services","CA46050R1029","","0","CAD","Analyze"
"CT:KNT","K92 Mining Inc","KNT","01/10/2011","Global Equity","Common stocks","Developed markets ex-US","Unknown","CA4991131083","BYZ2CB3","0","CAD","Analyze"
"CT:KOR","Corvus Gold Inc.","KOR","01/01/1900","Global Equity","Common stocks","Developed markets ex-US","Communication Services","CA2210131058","","0","CAD","Analyze"
"CT:KRR","Karora Resources Inc.","KRR","01/01/1900","Global Equity","Common stocks","Developed markets ex-US","Materials","CA48575L2066","","0","CAD","Analyze"
"CT:LAS.A","Lassonde Industries Sub Voting Inc","LAS.A","10/15/2021","Global Equity","Common stocks","Developed markets ex-US","Consumer Staples","CA5179071017","2506670","0","CAD","Analyze"
"CT:LEV","The Lion Electric Company","LEV","01/01/1900","Global Equity","Common stocks","Developed markets ex-US","Industrials","CA5362211040","","0","CAD","Analyze"
"CT:LWRK","Lifeworks Inc","LWRK","05/17/2021","Global Equity","Common stocks","Developed markets ex-US","Industrials","CA53227W1059","BP2FLD7","0","CAD","Analyze"
"CT:NEXT","NextSource Materials, Inc.","NEXT","01/01/1900","Global Equity","Common stocks","Developed markets ex-US","Materials","CA65343M1005","","0","CAD","Analyze"
"CT:NSR","Nomad Royalty Company Ltd.","NSR","01/01/1900","Global Equity","Common stocks","Developed markets ex-US","Materials","CA65532M2004","","0","CAD","Analyze"
"CT:NUAG","New Pacific Metals Corp","NUAG","02/03/2000","Global Equity","Common stocks","Developed markets ex-US","Materials","CA64782A1075","BMW5909","0","CAD","Analyze"
"CT:NVEI","Nuvei Subordinate Voting Corp","NVEI","09/17/2020","Global Equity","Common stocks","Developed markets ex-US","Information Technology","CA67079A1021","BMFNHJ5","0","CAD","Analyze"
"CT:NVO","Novo Resources Corp","NVO","01/04/2021","Global Equity","Common stocks","Developed markets ex-US","Unknown","CA67010B1022","B669XF8","0","CAD","Analyze"
"CT:NXR.UN","Nexus Real Estate Investment Units","NXR.UN","10/15/2021","Global Equity","Common stocks","Developed markets ex-US","Real Estate","CA65342N3159","BMGQQX0","0","CAD","Analyze"
"CT:OLA","Orla Mining Ltd","OLA","11/12/2007","Global Equity","Common stocks","Developed markets ex-US","Materials","CA68634K1066","BYZGJ92","0","CAD","Analyze"
"CT:OM","Osisko Metals Incorporated","OM","01/01/1900","Global Equity","Common stocks","Developed markets ex-US","Unknown","","","0","CAD","Analyze"
"CT:OTC","Open Text Corp","OTC","10/15/2021","Global Equity","Common stocks","Developed markets ex-US","Unknown","","","0","CAD","Analyze"
"CT:PPB","Flutter Entertainment Plc","PPB","10/15/2021","Global Equity","Common stocks","Developed markets ex-US","Consumer Discretionary","","99BRW5C","0","CAD","Analyze"
"CT:PPTA","Perpetua Resources Corp.","PPTA","01/01/1900","Global Equity","Common stocks","Developed markets ex-US","Materials","CA7142661031","","0","CAD","Analyze"
"CT:PSN","POSEIDON CONCEPTS CORP","PSN","10/15/2021","Global Equity","Common stocks","Developed markets ex-US","Energy","CA73731R1038","B63VJ04","0","CAD","Analyze"
"CT:PYR","PyroGenesis Canada Inc.","PYR","01/01/1900","Global Equity","Common stocks","Developed markets ex-US","Health Care","CA74734T1049","","0","CAD","Analyze"
"CT:SCR","Score Media and Gaming Inc.","SCR","01/01/1900","Global Equity","Common stocks","Developed markets ex-US","Consumer Discretionary","CA80919D2023","","0","CAD","Analyze"
"CT:SGR.UN","Slate Grocery Reit Units Class U","SGR.UN","10/15/2021","Global Equity","Common stocks","Developed markets ex-US","Real Estate","CA8310622037","BMD6FC5","0","CAD","Analyze"
"CT:SLS","Solaris Resources Inc.","SLS","01/01/1900","Global Equity","Common stocks","Developed markets ex-US","Communication Services","CA83419D2014","BMQ5701","0","CAD","Analyze"
"CT:SRT-UN","SLATE RETAIL REIT UNITS CLASS U","SRT-UN","04/22/2014","Global Equity","Common stocks","Developed markets ex-US","Real Estate","CA8310221160","BLT5080","0","CAD","Analyze"
"CT:TIXT","TELUS International Inc.","TIXT","01/01/1900","Global Equity","Common stocks","Developed markets ex-US","Communication Services","CA87975H1001","","0","CAD","Analyze"
"CT:TLRY","Tilray, Inc. - Class 2","TLRY","01/01/1900","Global Equity","Common stocks","Developed markets ex-US","Health Care","US88688T1007","","0","CAD","Analyze"
"CT:TRUL","Trulieve Cannabis Corp.","TRUL","01/01/1900","Global Equity","Common stocks","Developed markets ex-US","Unknown","","","0","CAD","Analyze"
"CT:TSU","Trisura Group Ltd","TSU","05/30/2017","Global Equity","Common stocks","Developed markets ex-US","Financials","CA89679A2092","BFNJQX3","0","CAD","Analyze"
"CT:UCU","Ucore Rare Metals Inc.","UCU","01/01/1900","Global Equity","Common stocks","Developed markets ex-US","Unknown","","","0","CAD","Analyze"
"CT:UEX","UEX Corporation","UEX","07/17/2002","Global Equity","Common stocks","Developed markets ex-US","Unknown","CA9026661061","2967761","0","CAD","Analyze"
"CT:VLNS","The Valens Company Inc","VLNS","10/25/2007","Global Equity","Common stocks","Developed markets ex-US","Unknown","CA91914P1080","BKMPJ38","0","CAD","Analyze"
"CT:WELL","Well Health Technologies Corp","WELL","12/18/2012","Global Equity","Common stocks","Developed markets ex-US","Health Care","CA94947L1022","BF1H8W2","0","CAD","Analyze"
"CT:WFG","West Fraser Timber Co. Ltd","WFG","01/01/1900","Global Equity","Common stocks","Developed markets ex-US","Materials","CA9528451052","","0","CAD","Analyze"
"CT:WIR.UN","Wpt Industrial Real Estate Investm","WIR.UN","10/15/2021","Global Equity","Common stocks","Developed markets ex-US","Real Estate","CA92937G1090","BKVH4G3","0","CAD","Analyze"
"CT:WIRU","Wpt Industrial Real Estate Investm","WIRU","10/15/2021","Global Equity","Common stocks","Developed markets ex-US","Real Estate","CA92937G1090","B8KJHF6","0","CAD","Analyze"
"CT:WLLW","Willow Biosciences, Inc.","WLLW","01/01/1900","Global Equity","Common stocks","Developed markets ex-US","Materials","CA97111B4047","","0","CAD","Analyze"